symbol,name,sector,industry,market,index_name,active,start_date,end_date
MMM,3M,Industrials,Industrial Conglomerates,US,S&P 500,True,2026-01-20,
AOS,A. O. Smith,Industrials,Building Products,US,S&P 500,True,2026-01-20,
ABT,Abbott Laboratories,Health Care,Health Care Equipment,US,S&P 500,True,2026-01-20,
ABBV,AbbVie,Health Care,Biotechnology,US,S&P 500,True,2026-01-20,
ACN,Accenture,Information Technology,IT Consulting & Other Services,US,S&P 500,True,2026-01-20,
ADBE,Adobe Inc.,Information Technology,Application Software,US,S&P 500,True,2026-01-20,
AMD,Advanced Micro Devices,Information Technology,Semiconductors,US,S&P 500,True,2026-01-20,
AES,AES Corporation,Utilities,Independent Power Producers & Energy Traders,US,S&P 500,True,2026-01-20,
AFL,Aflac,Financials,Life & Health Insurance,US,S&P 500,True,2026-01-20,
A,Agilent Technologies,Health Care,Life Sciences Tools & Services,US,S&P 500,True,2026-01-20,
APD,Air Products,Materials,Industrial Gases,US,S&P 500,True,2026-01-20,
ABNB,Airbnb,Consumer Discretionary,"Hotels, Resorts & Cruise Lines",US,S&P 500,True,2026-01-20,
AKAM,Akamai Technologies,Information Technology,Internet Services & Infrastructure,US,S&P 500,True,2026-01-20,
ALB,Albemarle Corporation,Materials,Specialty Chemicals,US,S&P 500,True,2026-01-20,
ARE,Alexandria Real Estate Equities,Real Estate,Office REITs,US,S&P 500,True,2026-01-20,
ALGN,Align Technology,Health Care,Health Care Supplies,US,S&P 500,True,2026-01-20,
ALLE,Allegion,Industrials,Building Products,US,S&P 500,True,2026-01-20,
LNT,Alliant Energy,Utilities,Electric Utilities,US,S&P 500,True,2026-01-20,
ALL,Allstate,Financials,Property & Casualty Insurance,US,S&P 500,True,2026-01-20,
GOOGL,Alphabet Inc. (Class A),Communication Services,Interactive Media & Services,US,S&P 500,True,2026-01-20,
GOOG,Alphabet Inc. (Class C),Communication Services,Interactive Media & Services,US,S&P 500,True,2026-01-20,
MO,Altria,Consumer Staples,Tobacco,US,S&P 500,True,2026-01-20,
AMZN,Amazon,Consumer Discretionary,Broadline Retail,US,S&P 500,True,2026-01-20,
AMCR,Amcor,Materials,Paper & Plastic Packaging Products & Materials,US,S&P 500,True,2026-01-20,
AEE,Ameren,Utilities,Multi-Utilities,US,S&P 500,True,2026-01-20,
AEP,American Electric Power,Utilities,Electric Utilities,US,S&P 500,True,2026-01-20,
AXP,American Express,Financials,Consumer Finance,US,S&P 500,True,2026-01-20,
AIG,American International Group,Financials,Multi-line Insurance,US,S&P 500,True,2026-01-20,
AMT,American Tower,Real Estate,Telecom Tower REITs,US,S&P 500,True,2026-01-20,
AWK,American Water Works,Utilities,Water Utilities,US,S&P 500,True,2026-01-20,
AMP,Ameriprise Financial,Financials,Asset Management & Custody Banks,US,S&P 500,True,2026-01-20,
AME,Ametek,Industrials,Electrical Components & Equipment,US,S&P 500,True,2026-01-20,
AMGN,Amgen,Health Care,Biotechnology,US,S&P 500,True,2026-01-20,
APH,Amphenol,Information Technology,Electronic Components,US,S&P 500,True,2026-01-20,
ADI,Analog Devices,Information Technology,Semiconductors,US,S&P 500,True,2026-01-20,
AON,Aon plc,Financials,Insurance Brokers,US,S&P 500,True,2026-01-20,
APA,APA Corporation,Energy,Oil & Gas Exploration & Production,US,S&P 500,True,2026-01-20,
APO,Apollo Global Management,Financials,Asset Management & Custody Banks,US,S&P 500,True,2026-01-20,
AAPL,Apple Inc.,Information Technology,"Technology Hardware, Storage & Peripherals",US,S&P 500,True,2026-01-20,
AMAT,Applied Materials,Information Technology,Semiconductor Materials & Equipment,US,S&P 500,True,2026-01-20,
APP,AppLovin,Information Technology,Application Software,US,S&P 500,True,2026-01-20,
APTV,Aptiv,Consumer Discretionary,Automotive Parts & Equipment,US,S&P 500,True,2026-01-20,
ACGL,Arch Capital Group,Financials,Property & Casualty Insurance,US,S&P 500,True,2026-01-20,
ADM,Archer Daniels Midland,Consumer Staples,Agricultural Products & Services,US,S&P 500,True,2026-01-20,
ARES,Ares Management,Financials,Asset Management & Custody Banks,US,S&P 500,True,2026-01-20,
ANET,Arista Networks,Information Technology,Communications Equipment,US,S&P 500,True,2026-01-20,
AJG,Arthur J. Gallagher & Co.,Financials,Insurance Brokers,US,S&P 500,True,2026-01-20,
AIZ,Assurant,Financials,Multi-line Insurance,US,S&P 500,True,2026-01-20,
T,AT&T,Communication Services,Integrated Telecommunication Services,US,S&P 500,True,2026-01-20,
ATO,Atmos Energy,Utilities,Gas Utilities,US,S&P 500,True,2026-01-20,
ADSK,Autodesk,Information Technology,Application Software,US,S&P 500,True,2026-01-20,
ADP,Automatic Data Processing,Industrials,Human Resource & Employment Services,US,S&P 500,True,2026-01-20,
AZO,AutoZone,Consumer Discretionary,Automotive Retail,US,S&P 500,True,2026-01-20,
AVB,AvalonBay Communities,Real Estate,Multi-Family Residential REITs,US,S&P 500,True,2026-01-20,
AVY,Avery Dennison,Materials,Paper & Plastic Packaging Products & Materials,US,S&P 500,True,2026-01-20,
AXON,Axon Enterprise,Industrials,Aerospace & Defense,US,S&P 500,True,2026-01-20,
BKR,Baker Hughes,Energy,Oil & Gas Equipment & Services,US,S&P 500,True,2026-01-20,
BALL,Ball Corporation,Materials,"Metal, Glass & Plastic Containers",US,S&P 500,True,2026-01-20,
BAC,Bank of America,Financials,Diversified Banks,US,S&P 500,True,2026-01-20,
BAX,Baxter International,Health Care,Health Care Equipment,US,S&P 500,True,2026-01-20,
BDX,Becton Dickinson,Health Care,Health Care Equipment,US,S&P 500,True,2026-01-20,
BRK.B,Berkshire Hathaway,Financials,Multi-Sector Holdings,US,S&P 500,True,2026-01-20,
BBY,Best Buy,Consumer Discretionary,Computer & Electronics Retail,US,S&P 500,True,2026-01-20,
TECH,Bio-Techne,Health Care,Life Sciences Tools & Services,US,S&P 500,True,2026-01-20,
BIIB,Biogen,Health Care,Biotechnology,US,S&P 500,True,2026-01-20,
BLK,BlackRock,Financials,Asset Management & Custody Banks,US,S&P 500,True,2026-01-20,
BX,Blackstone Inc.,Financials,Asset Management & Custody Banks,US,S&P 500,True,2026-01-20,
XYZ,"Block, Inc.",Financials,Transaction & Payment Processing Services,US,S&P 500,True,2026-01-20,
BK,BNY Mellon,Financials,Asset Management & Custody Banks,US,S&P 500,True,2026-01-20,
BA,Boeing,Industrials,Aerospace & Defense,US,S&P 500,True,2026-01-20,
BKNG,Booking Holdings,Consumer Discretionary,"Hotels, Resorts & Cruise Lines",US,S&P 500,True,2026-01-20,
BSX,Boston Scientific,Health Care,Health Care Equipment,US,S&P 500,True,2026-01-20,
BMY,Bristol Myers Squibb,Health Care,Pharmaceuticals,US,S&P 500,True,2026-01-20,
AVGO,Broadcom,Information Technology,Semiconductors,US,S&P 500,True,2026-01-20,
BR,Broadridge Financial Solutions,Industrials,Data Processing & Outsourced Services,US,S&P 500,True,2026-01-20,
BRO,Brown & Brown,Financials,Insurance Brokers,US,S&P 500,True,2026-01-20,
BF.B,Brown–Forman,Consumer Staples,Distillers & Vintners,US,S&P 500,True,2026-01-20,
BLDR,Builders FirstSource,Industrials,Building Products,US,S&P 500,True,2026-01-20,
BG,Bunge Global,Consumer Staples,Agricultural Products & Services,US,S&P 500,True,2026-01-20,
BXP,"BXP, Inc.",Real Estate,Office REITs,US,S&P 500,True,2026-01-20,
CHRW,C.H. Robinson,Industrials,Air Freight & Logistics,US,S&P 500,True,2026-01-20,
CDNS,Cadence Design Systems,Information Technology,Application Software,US,S&P 500,True,2026-01-20,
CPT,Camden Property Trust,Real Estate,Multi-Family Residential REITs,US,S&P 500,True,2026-01-20,
CPB,Campbell's Company (The),Consumer Staples,Packaged Foods & Meats,US,S&P 500,True,2026-01-20,
COF,Capital One,Financials,Consumer Finance,US,S&P 500,True,2026-01-20,
CAH,Cardinal Health,Health Care,Health Care Distributors,US,S&P 500,True,2026-01-20,
CCL,Carnival,Consumer Discretionary,"Hotels, Resorts & Cruise Lines",US,S&P 500,True,2026-01-20,
CARR,Carrier Global,Industrials,Building Products,US,S&P 500,True,2026-01-20,
CVNA,Carvana,Consumer Discretionary,Automotive Retail,US,S&P 500,True,2026-01-20,
CAT,Caterpillar Inc.,Industrials,Construction Machinery & Heavy Transportation Equipment,US,S&P 500,True,2026-01-20,
CBOE,Cboe Global Markets,Financials,Financial Exchanges & Data,US,S&P 500,True,2026-01-20,
CBRE,CBRE Group,Real Estate,Real Estate Services,US,S&P 500,True,2026-01-20,
CDW,CDW Corporation,Information Technology,Technology Distributors,US,S&P 500,True,2026-01-20,
COR,Cencora,Health Care,Health Care Distributors,US,S&P 500,True,2026-01-20,
CNC,Centene Corporation,Health Care,Managed Health Care,US,S&P 500,True,2026-01-20,
CNP,CenterPoint Energy,Utilities,Multi-Utilities,US,S&P 500,True,2026-01-20,
CF,CF Industries,Materials,Fertilizers & Agricultural Chemicals,US,S&P 500,True,2026-01-20,
CRL,Charles River Laboratories,Health Care,Life Sciences Tools & Services,US,S&P 500,True,2026-01-20,
SCHW,Charles Schwab Corporation,Financials,Investment Banking & Brokerage,US,S&P 500,True,2026-01-20,
CHTR,Charter Communications,Communication Services,Cable & Satellite,US,S&P 500,True,2026-01-20,
CVX,Chevron Corporation,Energy,Integrated Oil & Gas,US,S&P 500,True,2026-01-20,
CMG,Chipotle Mexican Grill,Consumer Discretionary,Restaurants,US,S&P 500,True,2026-01-20,
CB,Chubb Limited,Financials,Property & Casualty Insurance,US,S&P 500,True,2026-01-20,
CHD,Church & Dwight,Consumer Staples,Household Products,US,S&P 500,True,2026-01-20,
CI,Cigna,Health Care,Health Care Services,US,S&P 500,True,2026-01-20,
CINF,Cincinnati Financial,Financials,Property & Casualty Insurance,US,S&P 500,True,2026-01-20,
CTAS,Cintas,Industrials,Diversified Support Services,US,S&P 500,True,2026-01-20,
CSCO,Cisco,Information Technology,Communications Equipment,US,S&P 500,True,2026-01-20,
C,Citigroup,Financials,Diversified Banks,US,S&P 500,True,2026-01-20,
CFG,Citizens Financial Group,Financials,Regional Banks,US,S&P 500,True,2026-01-20,
CLX,Clorox,Consumer Staples,Household Products,US,S&P 500,True,2026-01-20,
CME,CME Group,Financials,Financial Exchanges & Data,US,S&P 500,True,2026-01-20,
CMS,CMS Energy,Utilities,Multi-Utilities,US,S&P 500,True,2026-01-20,
KO,Coca-Cola Company (The),Consumer Staples,Soft Drinks & Non-alcoholic Beverages,US,S&P 500,True,2026-01-20,
CTSH,Cognizant,Information Technology,IT Consulting & Other Services,US,S&P 500,True,2026-01-20,
COIN,Coinbase,Financials,Financial Exchanges & Data,US,S&P 500,True,2026-01-20,
CL,Colgate-Palmolive,Consumer Staples,Household Products,US,S&P 500,True,2026-01-20,
CMCSA,Comcast,Communication Services,Cable & Satellite,US,S&P 500,True,2026-01-20,
FIX,Comfort Systems USA,Industrials,Construction & Engineering,US,S&P 500,True,2026-01-20,
CAG,Conagra Brands,Consumer Staples,Packaged Foods & Meats,US,S&P 500,True,2026-01-20,
COP,ConocoPhillips,Energy,Oil & Gas Exploration & Production,US,S&P 500,True,2026-01-20,
ED,Consolidated Edison,Utilities,Multi-Utilities,US,S&P 500,True,2026-01-20,
STZ,Constellation Brands,Consumer Staples,Distillers & Vintners,US,S&P 500,True,2026-01-20,
CEG,Constellation Energy,Utilities,Electric Utilities,US,S&P 500,True,2026-01-20,
COO,Cooper Companies (The),Health Care,Health Care Supplies,US,S&P 500,True,2026-01-20,
CPRT,Copart,Industrials,Diversified Support Services,US,S&P 500,True,2026-01-20,
GLW,Corning Inc.,Information Technology,Electronic Components,US,S&P 500,True,2026-01-20,
CPAY,Corpay,Financials,Transaction & Payment Processing Services,US,S&P 500,True,2026-01-20,
CTVA,Corteva,Materials,Fertilizers & Agricultural Chemicals,US,S&P 500,True,2026-01-20,
CSGP,CoStar Group,Real Estate,Real Estate Services,US,S&P 500,True,2026-01-20,
COST,Costco,Consumer Staples,Consumer Staples Merchandise Retail,US,S&P 500,True,2026-01-20,
CTRA,Coterra,Energy,Oil & Gas Exploration & Production,US,S&P 500,True,2026-01-20,
CRH,CRH plc,Materials,Construction Materials,US,S&P 500,True,2026-01-20,
CRWD,CrowdStrike,Information Technology,Systems Software,US,S&P 500,True,2026-01-20,
CCI,Crown Castle,Real Estate,Telecom Tower REITs,US,S&P 500,True,2026-01-20,
CSX,CSX Corporation,Industrials,Rail Transportation,US,S&P 500,True,2026-01-20,
CMI,Cummins,Industrials,Construction Machinery & Heavy Transportation Equipment,US,S&P 500,True,2026-01-20,
CVS,CVS Health,Health Care,Health Care Services,US,S&P 500,True,2026-01-20,
DHR,Danaher Corporation,Health Care,Life Sciences Tools & Services,US,S&P 500,True,2026-01-20,
DRI,Darden Restaurants,Consumer Discretionary,Restaurants,US,S&P 500,True,2026-01-20,
DDOG,Datadog,Information Technology,Application Software,US,S&P 500,True,2026-01-20,
DVA,DaVita,Health Care,Health Care Services,US,S&P 500,True,2026-01-20,
DAY,Dayforce,Industrials,Human Resource & Employment Services,US,S&P 500,True,2026-01-20,
DECK,Deckers Brands,Consumer Discretionary,Footwear,US,S&P 500,True,2026-01-20,
DE,Deere & Company,Industrials,Agricultural & Farm Machinery,US,S&P 500,True,2026-01-20,
DELL,Dell Technologies,Information Technology,"Technology Hardware, Storage & Peripherals",US,S&P 500,True,2026-01-20,
DAL,Delta Air Lines,Industrials,Passenger Airlines,US,S&P 500,True,2026-01-20,
DVN,Devon Energy,Energy,Oil & Gas Exploration & Production,US,S&P 500,True,2026-01-20,
DXCM,Dexcom,Health Care,Health Care Equipment,US,S&P 500,True,2026-01-20,
FANG,Diamondback Energy,Energy,Oil & Gas Exploration & Production,US,S&P 500,True,2026-01-20,
DLR,Digital Realty,Real Estate,Data Center REITs,US,S&P 500,True,2026-01-20,
DG,Dollar General,Consumer Staples,Consumer Staples Merchandise Retail,US,S&P 500,True,2026-01-20,
DLTR,Dollar Tree,Consumer Staples,Consumer Staples Merchandise Retail,US,S&P 500,True,2026-01-20,
D,Dominion Energy,Utilities,Multi-Utilities,US,S&P 500,True,2026-01-20,
DPZ,Domino's,Consumer Discretionary,Restaurants,US,S&P 500,True,2026-01-20,
DASH,DoorDash,Consumer Discretionary,Specialized Consumer Services,US,S&P 500,True,2026-01-20,
DOV,Dover Corporation,Industrials,Industrial Machinery & Supplies & Components,US,S&P 500,True,2026-01-20,
DOW,Dow Inc.,Materials,Commodity Chemicals,US,S&P 500,True,2026-01-20,
DHI,D. R. Horton,Consumer Discretionary,Homebuilding,US,S&P 500,True,2026-01-20,
DTE,DTE Energy,Utilities,Multi-Utilities,US,S&P 500,True,2026-01-20,
DUK,Duke Energy,Utilities,Electric Utilities,US,S&P 500,True,2026-01-20,
DD,DuPont,Materials,Specialty Chemicals,US,S&P 500,True,2026-01-20,
ETN,Eaton Corporation,Industrials,Electrical Components & Equipment,US,S&P 500,True,2026-01-20,
EBAY,eBay Inc.,Consumer Discretionary,Broadline Retail,US,S&P 500,True,2026-01-20,
ECL,Ecolab,Materials,Specialty Chemicals,US,S&P 500,True,2026-01-20,
EIX,Edison International,Utilities,Electric Utilities,US,S&P 500,True,2026-01-20,
EW,Edwards Lifesciences,Health Care,Health Care Equipment,US,S&P 500,True,2026-01-20,
EA,Electronic Arts,Communication Services,Interactive Home Entertainment,US,S&P 500,True,2026-01-20,
ELV,Elevance Health,Health Care,Managed Health Care,US,S&P 500,True,2026-01-20,
EME,Emcor,Industrials,Construction & Engineering,US,S&P 500,True,2026-01-20,
EMR,Emerson Electric,Industrials,Electrical Components & Equipment,US,S&P 500,True,2026-01-20,
ETR,Entergy,Utilities,Electric Utilities,US,S&P 500,True,2026-01-20,
EOG,EOG Resources,Energy,Oil & Gas Exploration & Production,US,S&P 500,True,2026-01-20,
EPAM,EPAM Systems,Information Technology,IT Consulting & Other Services,US,S&P 500,True,2026-01-20,
EQT,EQT Corporation,Energy,Oil & Gas Exploration & Production,US,S&P 500,True,2026-01-20,
EFX,Equifax,Industrials,Research & Consulting Services,US,S&P 500,True,2026-01-20,
EQIX,Equinix,Real Estate,Data Center REITs,US,S&P 500,True,2026-01-20,
EQR,Equity Residential,Real Estate,Multi-Family Residential REITs,US,S&P 500,True,2026-01-20,
ERIE,Erie Indemnity,Financials,Insurance Brokers,US,S&P 500,True,2026-01-20,
ESS,Essex Property Trust,Real Estate,Multi-Family Residential REITs,US,S&P 500,True,2026-01-20,
EL,Estée Lauder Companies (The),Consumer Staples,Personal Care Products,US,S&P 500,True,2026-01-20,
EG,Everest Group,Financials,Reinsurance,US,S&P 500,True,2026-01-20,
EVRG,Evergy,Utilities,Electric Utilities,US,S&P 500,True,2026-01-20,
ES,Eversource Energy,Utilities,Electric Utilities,US,S&P 500,True,2026-01-20,
EXC,Exelon,Utilities,Electric Utilities,US,S&P 500,True,2026-01-20,
EXE,Expand Energy,Energy,Oil & Gas Exploration & Production,US,S&P 500,True,2026-01-20,
EXPE,Expedia Group,Consumer Discretionary,"Hotels, Resorts & Cruise Lines",US,S&P 500,True,2026-01-20,
EXPD,Expeditors International,Industrials,Air Freight & Logistics,US,S&P 500,True,2026-01-20,
EXR,Extra Space Storage,Real Estate,Self-Storage REITs,US,S&P 500,True,2026-01-20,
XOM,ExxonMobil,Energy,Integrated Oil & Gas,US,S&P 500,True,2026-01-20,
FFIV,"F5, Inc.",Information Technology,Communications Equipment,US,S&P 500,True,2026-01-20,
FDS,FactSet,Financials,Financial Exchanges & Data,US,S&P 500,True,2026-01-20,
FICO,Fair Isaac,Information Technology,Application Software,US,S&P 500,True,2026-01-20,
FAST,Fastenal,Industrials,Trading Companies & Distributors,US,S&P 500,True,2026-01-20,
FRT,Federal Realty Investment Trust,Real Estate,Retail REITs,US,S&P 500,True,2026-01-20,
FDX,FedEx,Industrials,Air Freight & Logistics,US,S&P 500,True,2026-01-20,
FIS,Fidelity National Information Services,Financials,Transaction & Payment Processing Services,US,S&P 500,True,2026-01-20,
FITB,Fifth Third Bancorp,Financials,Regional Banks,US,S&P 500,True,2026-01-20,
FSLR,First Solar,Information Technology,Semiconductors,US,S&P 500,True,2026-01-20,
FE,FirstEnergy,Utilities,Electric Utilities,US,S&P 500,True,2026-01-20,
FISV,Fiserv,Financials,Transaction & Payment Processing Services,US,S&P 500,True,2026-01-20,
F,Ford Motor Company,Consumer Discretionary,Automobile Manufacturers,US,S&P 500,True,2026-01-20,
FTNT,Fortinet,Information Technology,Systems Software,US,S&P 500,True,2026-01-20,
FTV,Fortive,Industrials,Industrial Machinery & Supplies & Components,US,S&P 500,True,2026-01-20,
FOXA,Fox Corporation (Class A),Communication Services,Broadcasting,US,S&P 500,True,2026-01-20,
FOX,Fox Corporation (Class B),Communication Services,Broadcasting,US,S&P 500,True,2026-01-20,
BEN,Franklin Resources,Financials,Asset Management & Custody Banks,US,S&P 500,True,2026-01-20,
FCX,Freeport-McMoRan,Materials,Copper,US,S&P 500,True,2026-01-20,
GRMN,Garmin,Consumer Discretionary,Consumer Electronics,US,S&P 500,True,2026-01-20,
IT,Gartner,Information Technology,IT Consulting & Other Services,US,S&P 500,True,2026-01-20,
GE,GE Aerospace,Industrials,Aerospace & Defense,US,S&P 500,True,2026-01-20,
GEHC,GE HealthCare,Health Care,Health Care Equipment,US,S&P 500,True,2026-01-20,
GEV,GE Vernova,Industrials,Heavy Electrical Equipment,US,S&P 500,True,2026-01-20,
GEN,Gen Digital,Information Technology,Systems Software,US,S&P 500,True,2026-01-20,
GNRC,Generac,Industrials,Electrical Components & Equipment,US,S&P 500,True,2026-01-20,
GD,General Dynamics,Industrials,Aerospace & Defense,US,S&P 500,True,2026-01-20,
GIS,General Mills,Consumer Staples,Packaged Foods & Meats,US,S&P 500,True,2026-01-20,
GM,General Motors,Consumer Discretionary,Automobile Manufacturers,US,S&P 500,True,2026-01-20,
GPC,Genuine Parts Company,Consumer Discretionary,Distributors,US,S&P 500,True,2026-01-20,
GILD,Gilead Sciences,Health Care,Biotechnology,US,S&P 500,True,2026-01-20,
GPN,Global Payments,Financials,Transaction & Payment Processing Services,US,S&P 500,True,2026-01-20,
GL,Globe Life,Financials,Life & Health Insurance,US,S&P 500,True,2026-01-20,
GDDY,GoDaddy,Information Technology,Internet Services & Infrastructure,US,S&P 500,True,2026-01-20,
GS,Goldman Sachs,Financials,Investment Banking & Brokerage,US,S&P 500,True,2026-01-20,
HAL,Halliburton,Energy,Oil & Gas Equipment & Services,US,S&P 500,True,2026-01-20,
HIG,Hartford (The),Financials,Property & Casualty Insurance,US,S&P 500,True,2026-01-20,
HAS,Hasbro,Consumer Discretionary,Leisure Products,US,S&P 500,True,2026-01-20,
HCA,HCA Healthcare,Health Care,Health Care Facilities,US,S&P 500,True,2026-01-20,
DOC,Healthpeak Properties,Real Estate,Health Care REITs,US,S&P 500,True,2026-01-20,
HSIC,Henry Schein,Health Care,Health Care Distributors,US,S&P 500,True,2026-01-20,
HSY,Hershey Company (The),Consumer Staples,Packaged Foods & Meats,US,S&P 500,True,2026-01-20,
HPE,Hewlett Packard Enterprise,Information Technology,"Technology Hardware, Storage & Peripherals",US,S&P 500,True,2026-01-20,
HLT,Hilton Worldwide,Consumer Discretionary,"Hotels, Resorts & Cruise Lines",US,S&P 500,True,2026-01-20,
HOLX,Hologic,Health Care,Health Care Equipment,US,S&P 500,True,2026-01-20,
HD,Home Depot (The),Consumer Discretionary,Home Improvement Retail,US,S&P 500,True,2026-01-20,
HON,Honeywell,Industrials,Industrial Conglomerates,US,S&P 500,True,2026-01-20,
HRL,Hormel Foods,Consumer Staples,Packaged Foods & Meats,US,S&P 500,True,2026-01-20,
HST,Host Hotels & Resorts,Real Estate,Hotel & Resort REITs,US,S&P 500,True,2026-01-20,
HWM,Howmet Aerospace,Industrials,Aerospace & Defense,US,S&P 500,True,2026-01-20,
HPQ,HP Inc.,Information Technology,"Technology Hardware, Storage & Peripherals",US,S&P 500,True,2026-01-20,
HUBB,Hubbell Incorporated,Industrials,Industrial Machinery & Supplies & Components,US,S&P 500,True,2026-01-20,
HUM,Humana,Health Care,Managed Health Care,US,S&P 500,True,2026-01-20,
HBAN,Huntington Bancshares,Financials,Regional Banks,US,S&P 500,True,2026-01-20,
HII,Huntington Ingalls Industries,Industrials,Aerospace & Defense,US,S&P 500,True,2026-01-20,
IBM,IBM,Information Technology,IT Consulting & Other Services,US,S&P 500,True,2026-01-20,
IEX,IDEX Corporation,Industrials,Industrial Machinery & Supplies & Components,US,S&P 500,True,2026-01-20,
IDXX,Idexx Laboratories,Health Care,Health Care Equipment,US,S&P 500,True,2026-01-20,
ITW,Illinois Tool Works,Industrials,Industrial Machinery & Supplies & Components,US,S&P 500,True,2026-01-20,
INCY,Incyte,Health Care,Biotechnology,US,S&P 500,True,2026-01-20,
IR,Ingersoll Rand,Industrials,Industrial Machinery & Supplies & Components,US,S&P 500,True,2026-01-20,
PODD,Insulet Corporation,Health Care,Health Care Equipment,US,S&P 500,True,2026-01-20,
INTC,Intel,Information Technology,Semiconductors,US,S&P 500,True,2026-01-20,
IBKR,Interactive Brokers,Financials,Investment Banking & Brokerage,US,S&P 500,True,2026-01-20,
ICE,Intercontinental Exchange,Financials,Financial Exchanges & Data,US,S&P 500,True,2026-01-20,
IFF,International Flavors & Fragrances,Materials,Specialty Chemicals,US,S&P 500,True,2026-01-20,
IP,International Paper,Materials,Paper & Plastic Packaging Products & Materials,US,S&P 500,True,2026-01-20,
INTU,Intuit,Information Technology,Application Software,US,S&P 500,True,2026-01-20,
ISRG,Intuitive Surgical,Health Care,Health Care Equipment,US,S&P 500,True,2026-01-20,
IVZ,Invesco,Financials,Asset Management & Custody Banks,US,S&P 500,True,2026-01-20,
INVH,Invitation Homes,Real Estate,Single-Family Residential REITs,US,S&P 500,True,2026-01-20,
IQV,IQVIA,Health Care,Life Sciences Tools & Services,US,S&P 500,True,2026-01-20,
IRM,Iron Mountain,Real Estate,Other Specialized REITs,US,S&P 500,True,2026-01-20,
JBHT,J.B. Hunt,Industrials,Cargo Ground Transportation,US,S&P 500,True,2026-01-20,
JBL,Jabil,Information Technology,Electronic Manufacturing Services,US,S&P 500,True,2026-01-20,
JKHY,Jack Henry & Associates,Financials,Transaction & Payment Processing Services,US,S&P 500,True,2026-01-20,
J,Jacobs Solutions,Industrials,Construction & Engineering,US,S&P 500,True,2026-01-20,
JNJ,Johnson & Johnson,Health Care,Pharmaceuticals,US,S&P 500,True,2026-01-20,
JCI,Johnson Controls,Industrials,Building Products,US,S&P 500,True,2026-01-20,
JPM,JPMorgan Chase,Financials,Diversified Banks,US,S&P 500,True,2026-01-20,
KVUE,Kenvue,Consumer Staples,Personal Care Products,US,S&P 500,True,2026-01-20,
KDP,Keurig Dr Pepper,Consumer Staples,Soft Drinks & Non-alcoholic Beverages,US,S&P 500,True,2026-01-20,
KEY,KeyCorp,Financials,Regional Banks,US,S&P 500,True,2026-01-20,
KEYS,Keysight Technologies,Information Technology,Electronic Equipment & Instruments,US,S&P 500,True,2026-01-20,
KMB,Kimberly-Clark,Consumer Staples,Household Products,US,S&P 500,True,2026-01-20,
KIM,Kimco Realty,Real Estate,Retail REITs,US,S&P 500,True,2026-01-20,
KMI,Kinder Morgan,Energy,Oil & Gas Storage & Transportation,US,S&P 500,True,2026-01-20,
KKR,KKR & Co.,Financials,Asset Management & Custody Banks,US,S&P 500,True,2026-01-20,
KLAC,KLA Corporation,Information Technology,Semiconductor Materials & Equipment,US,S&P 500,True,2026-01-20,
KHC,Kraft Heinz,Consumer Staples,Packaged Foods & Meats,US,S&P 500,True,2026-01-20,
KR,Kroger,Consumer Staples,Food Retail,US,S&P 500,True,2026-01-20,
LHX,L3Harris,Industrials,Aerospace & Defense,US,S&P 500,True,2026-01-20,
LH,Labcorp,Health Care,Health Care Services,US,S&P 500,True,2026-01-20,
LRCX,Lam Research,Information Technology,Semiconductor Materials & Equipment,US,S&P 500,True,2026-01-20,
LW,Lamb Weston,Consumer Staples,Packaged Foods & Meats,US,S&P 500,True,2026-01-20,
LVS,Las Vegas Sands,Consumer Discretionary,Casinos & Gaming,US,S&P 500,True,2026-01-20,
LDOS,Leidos,Industrials,Diversified Support Services,US,S&P 500,True,2026-01-20,
LEN,Lennar,Consumer Discretionary,Homebuilding,US,S&P 500,True,2026-01-20,
LII,Lennox International,Industrials,Building Products,US,S&P 500,True,2026-01-20,
LLY,Lilly (Eli),Health Care,Pharmaceuticals,US,S&P 500,True,2026-01-20,
LIN,Linde plc,Materials,Industrial Gases,US,S&P 500,True,2026-01-20,
LYV,Live Nation Entertainment,Communication Services,Movies & Entertainment,US,S&P 500,True,2026-01-20,
LMT,Lockheed Martin,Industrials,Aerospace & Defense,US,S&P 500,True,2026-01-20,
L,Loews Corporation,Financials,Multi-line Insurance,US,S&P 500,True,2026-01-20,
LOW,Lowe's,Consumer Discretionary,Home Improvement Retail,US,S&P 500,True,2026-01-20,
LULU,Lululemon Athletica,Consumer Discretionary,"Apparel, Accessories & Luxury Goods",US,S&P 500,True,2026-01-20,
LYB,LyondellBasell,Materials,Specialty Chemicals,US,S&P 500,True,2026-01-20,
MTB,M&T Bank,Financials,Regional Banks,US,S&P 500,True,2026-01-20,
MPC,Marathon Petroleum,Energy,Oil & Gas Refining & Marketing,US,S&P 500,True,2026-01-20,
MAR,Marriott International,Consumer Discretionary,"Hotels, Resorts & Cruise Lines",US,S&P 500,True,2026-01-20,
MRSH,Marsh McLennan,Financials,Insurance Brokers,US,S&P 500,True,2026-01-20,
MLM,Martin Marietta Materials,Materials,Construction Materials,US,S&P 500,True,2026-01-20,
MAS,Masco,Industrials,Building Products,US,S&P 500,True,2026-01-20,
MA,Mastercard,Financials,Transaction & Payment Processing Services,US,S&P 500,True,2026-01-20,
MTCH,Match Group,Communication Services,Interactive Media & Services,US,S&P 500,True,2026-01-20,
MKC,McCormick & Company,Consumer Staples,Packaged Foods & Meats,US,S&P 500,True,2026-01-20,
MCD,McDonald's,Consumer Discretionary,Restaurants,US,S&P 500,True,2026-01-20,
MCK,McKesson Corporation,Health Care,Health Care Distributors,US,S&P 500,True,2026-01-20,
MDT,Medtronic,Health Care,Health Care Equipment,US,S&P 500,True,2026-01-20,
MRK,Merck & Co.,Health Care,Pharmaceuticals,US,S&P 500,True,2026-01-20,
META,Meta Platforms,Communication Services,Interactive Media & Services,US,S&P 500,True,2026-01-20,
MET,MetLife,Financials,Life & Health Insurance,US,S&P 500,True,2026-01-20,
MTD,Mettler Toledo,Health Care,Life Sciences Tools & Services,US,S&P 500,True,2026-01-20,
MGM,MGM Resorts,Consumer Discretionary,Casinos & Gaming,US,S&P 500,True,2026-01-20,
MCHP,Microchip Technology,Information Technology,Semiconductors,US,S&P 500,True,2026-01-20,
MU,Micron Technology,Information Technology,Semiconductors,US,S&P 500,True,2026-01-20,
MSFT,Microsoft,Information Technology,Systems Software,US,S&P 500,True,2026-01-20,
MAA,Mid-America Apartment Communities,Real Estate,Multi-Family Residential REITs,US,S&P 500,True,2026-01-20,
MRNA,Moderna,Health Care,Biotechnology,US,S&P 500,True,2026-01-20,
MOH,Molina Healthcare,Health Care,Managed Health Care,US,S&P 500,True,2026-01-20,
TAP,Molson Coors Beverage Company,Consumer Staples,Brewers,US,S&P 500,True,2026-01-20,
MDLZ,Mondelez International,Consumer Staples,Packaged Foods & Meats,US,S&P 500,True,2026-01-20,
MPWR,Monolithic Power Systems,Information Technology,Semiconductors,US,S&P 500,True,2026-01-20,
MNST,Monster Beverage,Consumer Staples,Soft Drinks & Non-alcoholic Beverages,US,S&P 500,True,2026-01-20,
MCO,Moody's Corporation,Financials,Financial Exchanges & Data,US,S&P 500,True,2026-01-20,
MS,Morgan Stanley,Financials,Investment Banking & Brokerage,US,S&P 500,True,2026-01-20,
MOS,Mosaic Company (The),Materials,Fertilizers & Agricultural Chemicals,US,S&P 500,True,2026-01-20,
MSI,Motorola Solutions,Information Technology,Communications Equipment,US,S&P 500,True,2026-01-20,
MSCI,MSCI Inc.,Financials,Financial Exchanges & Data,US,S&P 500,True,2026-01-20,
NDAQ,"Nasdaq, Inc.",Financials,Financial Exchanges & Data,US,S&P 500,True,2026-01-20,
NTAP,NetApp,Information Technology,"Technology Hardware, Storage & Peripherals",US,S&P 500,True,2026-01-20,
NFLX,Netflix,Communication Services,Movies & Entertainment,US,S&P 500,True,2026-01-20,
NEM,Newmont,Materials,Gold,US,S&P 500,True,2026-01-20,
NWSA,News Corp (Class A),Communication Services,Publishing,US,S&P 500,True,2026-01-20,
NWS,News Corp (Class B),Communication Services,Publishing,US,S&P 500,True,2026-01-20,
NEE,NextEra Energy,Utilities,Multi-Utilities,US,S&P 500,True,2026-01-20,
NKE,"Nike, Inc.",Consumer Discretionary,"Apparel, Accessories & Luxury Goods",US,S&P 500,True,2026-01-20,
NI,NiSource,Utilities,Multi-Utilities,US,S&P 500,True,2026-01-20,
NDSN,Nordson Corporation,Industrials,Industrial Machinery & Supplies & Components,US,S&P 500,True,2026-01-20,
NSC,Norfolk Southern,Industrials,Rail Transportation,US,S&P 500,True,2026-01-20,
NTRS,Northern Trust,Financials,Asset Management & Custody Banks,US,S&P 500,True,2026-01-20,
NOC,Northrop Grumman,Industrials,Aerospace & Defense,US,S&P 500,True,2026-01-20,
NCLH,Norwegian Cruise Line Holdings,Consumer Discretionary,"Hotels, Resorts & Cruise Lines",US,S&P 500,True,2026-01-20,
NRG,NRG Energy,Utilities,Independent Power Producers & Energy Traders,US,S&P 500,True,2026-01-20,
NUE,Nucor,Materials,Steel,US,S&P 500,True,2026-01-20,
NVDA,Nvidia,Information Technology,Semiconductors,US,S&P 500,True,2026-01-20,
NVR,"NVR, Inc.",Consumer Discretionary,Homebuilding,US,S&P 500,True,2026-01-20,
NXPI,NXP Semiconductors,Information Technology,Semiconductors,US,S&P 500,True,2026-01-20,
ORLY,O’Reilly Automotive,Consumer Discretionary,Automotive Retail,US,S&P 500,True,2026-01-20,
OXY,Occidental Petroleum,Energy,Oil & Gas Exploration & Production,US,S&P 500,True,2026-01-20,
ODFL,Old Dominion,Industrials,Cargo Ground Transportation,US,S&P 500,True,2026-01-20,
OMC,Omnicom Group,Communication Services,Advertising,US,S&P 500,True,2026-01-20,
ON,ON Semiconductor,Information Technology,Semiconductors,US,S&P 500,True,2026-01-20,
OKE,Oneok,Energy,Oil & Gas Storage & Transportation,US,S&P 500,True,2026-01-20,
ORCL,Oracle Corporation,Information Technology,Application Software,US,S&P 500,True,2026-01-20,
OTIS,Otis Worldwide,Industrials,Industrial Machinery & Supplies & Components,US,S&P 500,True,2026-01-20,
PCAR,Paccar,Industrials,Construction Machinery & Heavy Transportation Equipment,US,S&P 500,True,2026-01-20,
PKG,Packaging Corporation of America,Materials,Paper & Plastic Packaging Products & Materials,US,S&P 500,True,2026-01-20,
PLTR,Palantir Technologies,Information Technology,Application Software,US,S&P 500,True,2026-01-20,
PANW,Palo Alto Networks,Information Technology,Systems Software,US,S&P 500,True,2026-01-20,
PSKY,Paramount Skydance Corporation,Communication Services,Movies & Entertainment,US,S&P 500,True,2026-01-20,
PH,Parker Hannifin,Industrials,Industrial Machinery & Supplies & Components,US,S&P 500,True,2026-01-20,
PAYX,Paychex,Industrials,Human Resource & Employment Services,US,S&P 500,True,2026-01-20,
PAYC,Paycom,Industrials,Human Resource & Employment Services,US,S&P 500,True,2026-01-20,
PYPL,PayPal,Financials,Transaction & Payment Processing Services,US,S&P 500,True,2026-01-20,
PNR,Pentair,Industrials,Industrial Machinery & Supplies & Components,US,S&P 500,True,2026-01-20,
PEP,PepsiCo,Consumer Staples,Soft Drinks & Non-alcoholic Beverages,US,S&P 500,True,2026-01-20,
PFE,Pfizer,Health Care,Pharmaceuticals,US,S&P 500,True,2026-01-20,
PCG,PG&E Corporation,Utilities,Multi-Utilities,US,S&P 500,True,2026-01-20,
PM,Philip Morris International,Consumer Staples,Tobacco,US,S&P 500,True,2026-01-20,
PSX,Phillips 66,Energy,Oil & Gas Refining & Marketing,US,S&P 500,True,2026-01-20,
PNW,Pinnacle West Capital,Utilities,Multi-Utilities,US,S&P 500,True,2026-01-20,
PNC,PNC Financial Services,Financials,Diversified Banks,US,S&P 500,True,2026-01-20,
POOL,Pool Corporation,Consumer Discretionary,Distributors,US,S&P 500,True,2026-01-20,
PPG,PPG Industries,Materials,Specialty Chemicals,US,S&P 500,True,2026-01-20,
PPL,PPL Corporation,Utilities,Electric Utilities,US,S&P 500,True,2026-01-20,
PFG,Principal Financial Group,Financials,Life & Health Insurance,US,S&P 500,True,2026-01-20,
PG,Procter & Gamble,Consumer Staples,Personal Care Products,US,S&P 500,True,2026-01-20,
PGR,Progressive Corporation,Financials,Property & Casualty Insurance,US,S&P 500,True,2026-01-20,
PLD,Prologis,Real Estate,Industrial REITs,US,S&P 500,True,2026-01-20,
PRU,Prudential Financial,Financials,Life & Health Insurance,US,S&P 500,True,2026-01-20,
PEG,Public Service Enterprise Group,Utilities,Electric Utilities,US,S&P 500,True,2026-01-20,
PTC,PTC Inc.,Information Technology,Application Software,US,S&P 500,True,2026-01-20,
PSA,Public Storage,Real Estate,Self-Storage REITs,US,S&P 500,True,2026-01-20,
PHM,PulteGroup,Consumer Discretionary,Homebuilding,US,S&P 500,True,2026-01-20,
PWR,Quanta Services,Industrials,Construction & Engineering,US,S&P 500,True,2026-01-20,
QCOM,Qualcomm,Information Technology,Semiconductors,US,S&P 500,True,2026-01-20,
DGX,Quest Diagnostics,Health Care,Health Care Services,US,S&P 500,True,2026-01-20,
Q,Qnity Electronics,Information Technology,Semiconductor Materials & Equipment,US,S&P 500,True,2026-01-20,
RL,Ralph Lauren Corporation,Consumer Discretionary,"Apparel, Accessories & Luxury Goods",US,S&P 500,True,2026-01-20,
RJF,Raymond James Financial,Financials,Investment Banking & Brokerage,US,S&P 500,True,2026-01-20,
RTX,RTX Corporation,Industrials,Aerospace & Defense,US,S&P 500,True,2026-01-20,
O,Realty Income,Real Estate,Retail REITs,US,S&P 500,True,2026-01-20,
REG,Regency Centers,Real Estate,Retail REITs,US,S&P 500,True,2026-01-20,
REGN,Regeneron Pharmaceuticals,Health Care,Biotechnology,US,S&P 500,True,2026-01-20,
RF,Regions Financial Corporation,Financials,Regional Banks,US,S&P 500,True,2026-01-20,
RSG,Republic Services,Industrials,Environmental & Facilities Services,US,S&P 500,True,2026-01-20,
RMD,ResMed,Health Care,Health Care Equipment,US,S&P 500,True,2026-01-20,
RVTY,Revvity,Health Care,Health Care Equipment,US,S&P 500,True,2026-01-20,
HOOD,Robinhood Markets,Financials,Investment Banking & Brokerage,US,S&P 500,True,2026-01-20,
ROK,Rockwell Automation,Industrials,Electrical Components & Equipment,US,S&P 500,True,2026-01-20,
ROL,"Rollins, Inc.",Industrials,Environmental & Facilities Services,US,S&P 500,True,2026-01-20,
ROP,Roper Technologies,Information Technology,Electronic Equipment & Instruments,US,S&P 500,True,2026-01-20,
ROST,Ross Stores,Consumer Discretionary,Apparel Retail,US,S&P 500,True,2026-01-20,
RCL,Royal Caribbean Group,Consumer Discretionary,"Hotels, Resorts & Cruise Lines",US,S&P 500,True,2026-01-20,
SPGI,S&P Global,Financials,Financial Exchanges & Data,US,S&P 500,True,2026-01-20,
CRM,Salesforce,Information Technology,Application Software,US,S&P 500,True,2026-01-20,
SNDK,Sandisk,Information Technology,"Technology Hardware, Storage & Peripherals",US,S&P 500,True,2026-01-20,
SBAC,SBA Communications,Real Estate,Telecom Tower REITs,US,S&P 500,True,2026-01-20,
SLB,Schlumberger,Energy,Oil & Gas Equipment & Services,US,S&P 500,True,2026-01-20,
STX,Seagate Technology,Information Technology,"Technology Hardware, Storage & Peripherals",US,S&P 500,True,2026-01-20,
SRE,Sempra,Utilities,Multi-Utilities,US,S&P 500,True,2026-01-20,
NOW,ServiceNow,Information Technology,Systems Software,US,S&P 500,True,2026-01-20,
SHW,Sherwin-Williams,Materials,Specialty Chemicals,US,S&P 500,True,2026-01-20,
SPG,Simon Property Group,Real Estate,Retail REITs,US,S&P 500,True,2026-01-20,
SWKS,Skyworks Solutions,Information Technology,Semiconductors,US,S&P 500,True,2026-01-20,
SJM,J.M. Smucker Company (The),Consumer Staples,Packaged Foods & Meats,US,S&P 500,True,2026-01-20,
SW,Smurfit Westrock,Materials,Paper & Plastic Packaging Products & Materials,US,S&P 500,True,2026-01-20,
SNA,Snap-on,Industrials,Industrial Machinery & Supplies & Components,US,S&P 500,True,2026-01-20,
SOLV,Solventum,Health Care,Health Care Technology,US,S&P 500,True,2026-01-20,
SO,Southern Company,Utilities,Electric Utilities,US,S&P 500,True,2026-01-20,
LUV,Southwest Airlines,Industrials,Passenger Airlines,US,S&P 500,True,2026-01-20,
SWK,Stanley Black & Decker,Industrials,Industrial Machinery & Supplies & Components,US,S&P 500,True,2026-01-20,
SBUX,Starbucks,Consumer Discretionary,Restaurants,US,S&P 500,True,2026-01-20,
STT,State Street Corporation,Financials,Asset Management & Custody Banks,US,S&P 500,True,2026-01-20,
STLD,Steel Dynamics,Materials,Steel,US,S&P 500,True,2026-01-20,
STE,Steris,Health Care,Health Care Equipment,US,S&P 500,True,2026-01-20,
SYK,Stryker Corporation,Health Care,Health Care Equipment,US,S&P 500,True,2026-01-20,
SMCI,Supermicro,Information Technology,"Technology Hardware, Storage & Peripherals",US,S&P 500,True,2026-01-20,
SYF,Synchrony Financial,Financials,Consumer Finance,US,S&P 500,True,2026-01-20,
SNPS,Synopsys,Information Technology,Application Software,US,S&P 500,True,2026-01-20,
SYY,Sysco,Consumer Staples,Food Distributors,US,S&P 500,True,2026-01-20,
TMUS,T-Mobile US,Communication Services,Wireless Telecommunication Services,US,S&P 500,True,2026-01-20,
TROW,T. Rowe Price,Financials,Asset Management & Custody Banks,US,S&P 500,True,2026-01-20,
TTWO,Take-Two Interactive,Communication Services,Interactive Home Entertainment,US,S&P 500,True,2026-01-20,
TPR,"Tapestry, Inc.",Consumer Discretionary,"Apparel, Accessories & Luxury Goods",US,S&P 500,True,2026-01-20,
TRGP,Targa Resources,Energy,Oil & Gas Storage & Transportation,US,S&P 500,True,2026-01-20,
TGT,Target Corporation,Consumer Staples,Consumer Staples Merchandise Retail,US,S&P 500,True,2026-01-20,
TEL,TE Connectivity,Information Technology,Electronic Manufacturing Services,US,S&P 500,True,2026-01-20,
TDY,Teledyne Technologies,Information Technology,Electronic Equipment & Instruments,US,S&P 500,True,2026-01-20,
TER,Teradyne,Information Technology,Semiconductor Materials & Equipment,US,S&P 500,True,2026-01-20,
TSLA,"Tesla, Inc.",Consumer Discretionary,Automobile Manufacturers,US,S&P 500,True,2026-01-20,
TXN,Texas Instruments,Information Technology,Semiconductors,US,S&P 500,True,2026-01-20,
TPL,Texas Pacific Land Corporation,Energy,Oil & Gas Exploration & Production,US,S&P 500,True,2026-01-20,
TXT,Textron,Industrials,Aerospace & Defense,US,S&P 500,True,2026-01-20,
TMO,Thermo Fisher Scientific,Health Care,Life Sciences Tools & Services,US,S&P 500,True,2026-01-20,
TJX,TJX Companies,Consumer Discretionary,Apparel Retail,US,S&P 500,True,2026-01-20,
TKO,TKO Group Holdings,Communication Services,Movies & Entertainment,US,S&P 500,True,2026-01-20,
TTD,Trade Desk (The),Communication Services,Advertising,US,S&P 500,True,2026-01-20,
TSCO,Tractor Supply,Consumer Discretionary,Other Specialty Retail,US,S&P 500,True,2026-01-20,
TT,Trane Technologies,Industrials,Building Products,US,S&P 500,True,2026-01-20,
TDG,TransDigm Group,Industrials,Aerospace & Defense,US,S&P 500,True,2026-01-20,
TRV,Travelers Companies (The),Financials,Property & Casualty Insurance,US,S&P 500,True,2026-01-20,
TRMB,Trimble Inc.,Information Technology,Electronic Equipment & Instruments,US,S&P 500,True,2026-01-20,
TFC,Truist Financial,Financials,Diversified Banks,US,S&P 500,True,2026-01-20,
TYL,Tyler Technologies,Information Technology,Application Software,US,S&P 500,True,2026-01-20,
TSN,Tyson Foods,Consumer Staples,Packaged Foods & Meats,US,S&P 500,True,2026-01-20,
USB,U.S. Bancorp,Financials,Diversified Banks,US,S&P 500,True,2026-01-20,
UBER,Uber,Industrials,Passenger Ground Transportation,US,S&P 500,True,2026-01-20,
UDR,"UDR, Inc.",Real Estate,Multi-Family Residential REITs,US,S&P 500,True,2026-01-20,
ULTA,Ulta Beauty,Consumer Discretionary,Other Specialty Retail,US,S&P 500,True,2026-01-20,
UNP,Union Pacific Corporation,Industrials,Rail Transportation,US,S&P 500,True,2026-01-20,
UAL,United Airlines Holdings,Industrials,Passenger Airlines,US,S&P 500,True,2026-01-20,
UPS,United Parcel Service,Industrials,Air Freight & Logistics,US,S&P 500,True,2026-01-20,
URI,United Rentals,Industrials,Trading Companies & Distributors,US,S&P 500,True,2026-01-20,
UNH,UnitedHealth Group,Health Care,Managed Health Care,US,S&P 500,True,2026-01-20,
UHS,Universal Health Services,Health Care,Health Care Facilities,US,S&P 500,True,2026-01-20,
VLO,Valero Energy,Energy,Oil & Gas Refining & Marketing,US,S&P 500,True,2026-01-20,
VTR,Ventas,Real Estate,Health Care REITs,US,S&P 500,True,2026-01-20,
VLTO,Veralto,Industrials,Environmental & Facilities Services,US,S&P 500,True,2026-01-20,
VRSN,Verisign,Information Technology,Internet Services & Infrastructure,US,S&P 500,True,2026-01-20,
VRSK,Verisk Analytics,Industrials,Research & Consulting Services,US,S&P 500,True,2026-01-20,
VZ,Verizon,Communication Services,Integrated Telecommunication Services,US,S&P 500,True,2026-01-20,
VRTX,Vertex Pharmaceuticals,Health Care,Biotechnology,US,S&P 500,True,2026-01-20,
VTRS,Viatris,Health Care,Pharmaceuticals,US,S&P 500,True,2026-01-20,
VICI,Vici Properties,Real Estate,Hotel & Resort REITs,US,S&P 500,True,2026-01-20,
V,Visa Inc.,Financials,Transaction & Payment Processing Services,US,S&P 500,True,2026-01-20,
VST,Vistra Corp.,Utilities,Electric Utilities,US,S&P 500,True,2026-01-20,
VMC,Vulcan Materials Company,Materials,Construction Materials,US,S&P 500,True,2026-01-20,
WRB,W. R. Berkley Corporation,Financials,Property & Casualty Insurance,US,S&P 500,True,2026-01-20,
GWW,W. W. Grainger,Industrials,Industrial Machinery & Supplies & Components,US,S&P 500,True,2026-01-20,
WAB,Wabtec,Industrials,Construction Machinery & Heavy Transportation Equipment,US,S&P 500,True,2026-01-20,
WMT,Walmart,Consumer Staples,Consumer Staples Merchandise Retail,US,S&P 500,True,2026-01-20,
DIS,Walt Disney Company (The),Communication Services,Movies & Entertainment,US,S&P 500,True,2026-01-20,
WBD,Warner Bros. Discovery,Communication Services,Broadcasting,US,S&P 500,True,2026-01-20,
WM,Waste Management,Industrials,Environmental & Facilities Services,US,S&P 500,True,2026-01-20,
WAT,Waters Corporation,Health Care,Life Sciences Tools & Services,US,S&P 500,True,2026-01-20,
WEC,WEC Energy Group,Utilities,Electric Utilities,US,S&P 500,True,2026-01-20,
WFC,Wells Fargo,Financials,Diversified Banks,US,S&P 500,True,2026-01-20,
WELL,Welltower,Real Estate,Health Care REITs,US,S&P 500,True,2026-01-20,
WST,West Pharmaceutical Services,Health Care,Health Care Supplies,US,S&P 500,True,2026-01-20,
WDC,Western Digital,Information Technology,"Technology Hardware, Storage & Peripherals",US,S&P 500,True,2026-01-20,
WY,Weyerhaeuser,Real Estate,Timber REITs,US,S&P 500,True,2026-01-20,
WSM,"Williams-Sonoma, Inc.",Consumer Discretionary,Homefurnishing Retail,US,S&P 500,True,2026-01-20,
WMB,Williams Companies,Energy,Oil & Gas Storage & Transportation,US,S&P 500,True,2026-01-20,
WTW,Willis Towers Watson,Financials,Insurance Brokers,US,S&P 500,True,2026-01-20,
WDAY,"Workday, Inc.",Information Technology,Application Software,US,S&P 500,True,2026-01-20,
WYNN,Wynn Resorts,Consumer Discretionary,Casinos & Gaming,US,S&P 500,True,2026-01-20,
XEL,Xcel Energy,Utilities,Multi-Utilities,US,S&P 500,True,2026-01-20,
XYL,Xylem Inc.,Industrials,Industrial Machinery & Supplies & Components,US,S&P 500,True,2026-01-20,
YUM,Yum! Brands,Consumer Discretionary,Restaurants,US,S&P 500,True,2026-01-20,
ZBRA,Zebra Technologies,Information Technology,Electronic Equipment & Instruments,US,S&P 500,True,2026-01-20,
ZBH,Zimmer Biomet,Health Care,Health Care Equipment,US,S&P 500,True,2026-01-20,
ZTS,Zoetis,Health Care,Pharmaceuticals,US,S&P 500,True,2026-01-20,
360ONE.NS,360 ONE WAM Ltd.,Financial Services,UNKNOWN,IN,NIFTY 500,True,2026-01-20,
3MINDIA.NS,3M India Ltd.,Diversified,UNKNOWN,IN,NIFTY 500,True,2026-01-20,
ABB.NS,ABB India Ltd.,Capital Goods,UNKNOWN,IN,NIFTY 500,True,2026-01-20,
ACC.NS,ACC Ltd.,Construction Materials,UNKNOWN,IN,NIFTY 500,True,2026-01-20,
ACMESOLAR.NS,ACME Solar Holdings Ltd.,Power,UNKNOWN,IN,NIFTY 500,True,2026-01-20,
AIAENG.NS,AIA Engineering Ltd.,Capital Goods,UNKNOWN,IN,NIFTY 500,True,2026-01-20,
APLAPOLLO.NS,APL Apollo Tubes Ltd.,Capital Goods,UNKNOWN,IN,NIFTY 500,True,2026-01-20,
AUBANK.NS,AU Small Finance Bank Ltd.,Financial Services,UNKNOWN,IN,NIFTY 500,True,2026-01-20,
AWL.NS,AWL Agri Business Ltd.,Fast Moving Consumer Goods,UNKNOWN,IN,NIFTY 500,True,2026-01-20,
AADHARHFC.NS,Aadhar Housing Finance Ltd.,Financial Services,UNKNOWN,IN,NIFTY 500,True,2026-01-20,
AARTIIND.NS,Aarti Industries Ltd.,Chemicals,UNKNOWN,IN,NIFTY 500,True,2026-01-20,
AAVAS.NS,Aavas Financiers Ltd.,Financial Services,UNKNOWN,IN,NIFTY 500,True,2026-01-20,
ABBOTINDIA.NS,Abbott India Ltd.,Healthcare,UNKNOWN,IN,NIFTY 500,True,2026-01-20,
ACE.NS,Action Construction Equipment Ltd.,Capital Goods,UNKNOWN,IN,NIFTY 500,True,2026-01-20,
ADANIENSOL.NS,Adani Energy Solutions Ltd.,Power,UNKNOWN,IN,NIFTY 500,True,2026-01-20,
ADANIENT.NS,Adani Enterprises Ltd.,Metals & Mining,UNKNOWN,IN,NIFTY 500,True,2026-01-20,
ADANIGREEN.NS,Adani Green Energy Ltd.,Power,UNKNOWN,IN,NIFTY 500,True,2026-01-20,
ADANIPORTS.NS,Adani Ports and Special Economic Zone Ltd.,Services,UNKNOWN,IN,NIFTY 500,True,2026-01-20,
ADANIPOWER.NS,Adani Power Ltd.,Power,UNKNOWN,IN,NIFTY 500,True,2026-01-20,
ATGL.NS,Adani Total Gas Ltd.,Oil Gas & Consumable Fuels,UNKNOWN,IN,NIFTY 500,True,2026-01-20,
ABCAPITAL.NS,Aditya Birla Capital Ltd.,Financial Services,UNKNOWN,IN,NIFTY 500,True,2026-01-20,
ABFRL.NS,Aditya Birla Fashion and Retail Ltd.,Consumer Services,UNKNOWN,IN,NIFTY 500,True,2026-01-20,
ABLBL.NS,Aditya Birla Lifestyle Brands Ltd.,Consumer Services,UNKNOWN,IN,NIFTY 500,True,2026-01-20,
ABREL.NS,Aditya Birla Real Estate Ltd.,Forest Materials,UNKNOWN,IN,NIFTY 500,True,2026-01-20,
ABSLAMC.NS,Aditya Birla Sun Life AMC Ltd.,Financial Services,UNKNOWN,IN,NIFTY 500,True,2026-01-20,
AEGISLOG.NS,Aegis Logistics Ltd.,Oil Gas & Consumable Fuels,UNKNOWN,IN,NIFTY 500,True,2026-01-20,
AEGISVOPAK.NS,Aegis Vopak Terminals Ltd.,Oil Gas & Consumable Fuels,UNKNOWN,IN,NIFTY 500,True,2026-01-20,
AFCONS.NS,Afcons Infrastructure Ltd.,Construction,UNKNOWN,IN,NIFTY 500,True,2026-01-20,
AFFLE.NS,Affle 3i Ltd.,Information Technology,UNKNOWN,IN,NIFTY 500,True,2026-01-20,
AJANTPHARM.NS,Ajanta Pharmaceuticals Ltd.,Healthcare,UNKNOWN,IN,NIFTY 500,True,2026-01-20,
AKUMS.NS,Akums Drugs and Pharmaceuticals Ltd.,Healthcare,UNKNOWN,IN,NIFTY 500,True,2026-01-20,
AKZOINDIA.NS,Akzo Nobel India Ltd.,Consumer Durables,UNKNOWN,IN,NIFTY 500,True,2026-01-20,
APLLTD.NS,Alembic Pharmaceuticals Ltd.,Healthcare,UNKNOWN,IN,NIFTY 500,True,2026-01-20,
ALKEM.NS,Alkem Laboratories Ltd.,Healthcare,UNKNOWN,IN,NIFTY 500,True,2026-01-20,
ALKYLAMINE.NS,Alkyl Amines Chemicals Ltd.,Chemicals,UNKNOWN,IN,NIFTY 500,True,2026-01-20,
ALOKINDS.NS,Alok Industries Ltd.,Textiles,UNKNOWN,IN,NIFTY 500,True,2026-01-20,
ARE&M.NS,Amara Raja Energy & Mobility Ltd.,Automobile and Auto Components,UNKNOWN,IN,NIFTY 500,True,2026-01-20,
AMBER.NS,Amber Enterprises India Ltd.,Consumer Durables,UNKNOWN,IN,NIFTY 500,True,2026-01-20,
AMBUJACEM.NS,Ambuja Cements Ltd.,Construction Materials,UNKNOWN,IN,NIFTY 500,True,2026-01-20,
ANANDRATHI.NS,Anand Rathi Wealth Ltd.,Financial Services,UNKNOWN,IN,NIFTY 500,True,2026-01-20,
ANANTRAJ.NS,Anant Raj Ltd.,Realty,UNKNOWN,IN,NIFTY 500,True,2026-01-20,
ANGELONE.NS,Angel One Ltd.,Financial Services,UNKNOWN,IN,NIFTY 500,True,2026-01-20,
APARINDS.NS,Apar Industries Ltd.,Capital Goods,UNKNOWN,IN,NIFTY 500,True,2026-01-20,
APOLLOHOSP.NS,Apollo Hospitals Enterprise Ltd.,Healthcare,UNKNOWN,IN,NIFTY 500,True,2026-01-20,
APOLLOTYRE.NS,Apollo Tyres Ltd.,Automobile and Auto Components,UNKNOWN,IN,NIFTY 500,True,2026-01-20,
APTUS.NS,Aptus Value Housing Finance India Ltd.,Financial Services,UNKNOWN,IN,NIFTY 500,True,2026-01-20,
ASAHIINDIA.NS,Asahi India Glass Ltd.,Automobile and Auto Components,UNKNOWN,IN,NIFTY 500,True,2026-01-20,
ASHOKLEY.NS,Ashok Leyland Ltd.,Capital Goods,UNKNOWN,IN,NIFTY 500,True,2026-01-20,
ASIANPAINT.NS,Asian Paints Ltd.,Consumer Durables,UNKNOWN,IN,NIFTY 500,True,2026-01-20,
ASTERDM.NS,Aster DM Healthcare Ltd.,Healthcare,UNKNOWN,IN,NIFTY 500,True,2026-01-20,
ASTRAZEN.NS,AstraZenca Pharma India Ltd.,Healthcare,UNKNOWN,IN,NIFTY 500,True,2026-01-20,
ASTRAL.NS,Astral Ltd.,Capital Goods,UNKNOWN,IN,NIFTY 500,True,2026-01-20,
ATHERENERG.NS,Ather Energy Ltd.,Automobile and Auto Components,UNKNOWN,IN,NIFTY 500,True,2026-01-20,
ATUL.NS,Atul Ltd.,Chemicals,UNKNOWN,IN,NIFTY 500,True,2026-01-20,
AUROPHARMA.NS,Aurobindo Pharma Ltd.,Healthcare,UNKNOWN,IN,NIFTY 500,True,2026-01-20,
AIIL.NS,Authum Investment & Infrastructure Ltd.,Financial Services,UNKNOWN,IN,NIFTY 500,True,2026-01-20,
DMART.NS,Avenue Supermarts Ltd.,Consumer Services,UNKNOWN,IN,NIFTY 500,True,2026-01-20,
AXISBANK.NS,Axis Bank Ltd.,Financial Services,UNKNOWN,IN,NIFTY 500,True,2026-01-20,
BASF.NS,BASF India Ltd.,Chemicals,UNKNOWN,IN,NIFTY 500,True,2026-01-20,
BEML.NS,BEML Ltd.,Capital Goods,UNKNOWN,IN,NIFTY 500,True,2026-01-20,
BLS.NS,BLS International Services Ltd.,Consumer Services,UNKNOWN,IN,NIFTY 500,True,2026-01-20,
BSE.NS,BSE Ltd.,Financial Services,UNKNOWN,IN,NIFTY 500,True,2026-01-20,
BAJAJ-AUTO.NS,Bajaj Auto Ltd.,Automobile and Auto Components,UNKNOWN,IN,NIFTY 500,True,2026-01-20,
BAJFINANCE.NS,Bajaj Finance Ltd.,Financial Services,UNKNOWN,IN,NIFTY 500,True,2026-01-20,
BAJAJFINSV.NS,Bajaj Finserv Ltd.,Financial Services,UNKNOWN,IN,NIFTY 500,True,2026-01-20,
BAJAJHLDNG.NS,Bajaj Holdings & Investment Ltd.,Financial Services,UNKNOWN,IN,NIFTY 500,True,2026-01-20,
BAJAJHFL.NS,Bajaj Housing Finance Ltd.,Financial Services,UNKNOWN,IN,NIFTY 500,True,2026-01-20,
BALKRISIND.NS,Balkrishna Industries Ltd.,Automobile and Auto Components,UNKNOWN,IN,NIFTY 500,True,2026-01-20,
BALRAMCHIN.NS,Balrampur Chini Mills Ltd.,Fast Moving Consumer Goods,UNKNOWN,IN,NIFTY 500,True,2026-01-20,
BANDHANBNK.NS,Bandhan Bank Ltd.,Financial Services,UNKNOWN,IN,NIFTY 500,True,2026-01-20,
BANKBARODA.NS,Bank of Baroda,Financial Services,UNKNOWN,IN,NIFTY 500,True,2026-01-20,
BANKINDIA.NS,Bank of India,Financial Services,UNKNOWN,IN,NIFTY 500,True,2026-01-20,
MAHABANK.NS,Bank of Maharashtra,Financial Services,UNKNOWN,IN,NIFTY 500,True,2026-01-20,
BATAINDIA.NS,Bata India Ltd.,Consumer Durables,UNKNOWN,IN,NIFTY 500,True,2026-01-20,
BAYERCROP.NS,Bayer Cropscience Ltd.,Chemicals,UNKNOWN,IN,NIFTY 500,True,2026-01-20,
BERGEPAINT.NS,Berger Paints India Ltd.,Consumer Durables,UNKNOWN,IN,NIFTY 500,True,2026-01-20,
BDL.NS,Bharat Dynamics Ltd.,Capital Goods,UNKNOWN,IN,NIFTY 500,True,2026-01-20,
BEL.NS,Bharat Electronics Ltd.,Capital Goods,UNKNOWN,IN,NIFTY 500,True,2026-01-20,
BHARATFORG.NS,Bharat Forge Ltd.,Automobile and Auto Components,UNKNOWN,IN,NIFTY 500,True,2026-01-20,
BHEL.NS,Bharat Heavy Electricals Ltd.,Capital Goods,UNKNOWN,IN,NIFTY 500,True,2026-01-20,
BPCL.NS,Bharat Petroleum Corporation Ltd.,Oil Gas & Consumable Fuels,UNKNOWN,IN,NIFTY 500,True,2026-01-20,
BHARTIARTL.NS,Bharti Airtel Ltd.,Telecommunication,UNKNOWN,IN,NIFTY 500,True,2026-01-20,
BHARTIHEXA.NS,Bharti Hexacom Ltd.,Telecommunication,UNKNOWN,IN,NIFTY 500,True,2026-01-20,
BIKAJI.NS,Bikaji Foods International Ltd.,Fast Moving Consumer Goods,UNKNOWN,IN,NIFTY 500,True,2026-01-20,
BIOCON.NS,Biocon Ltd.,Healthcare,UNKNOWN,IN,NIFTY 500,True,2026-01-20,
BSOFT.NS,Birlasoft Ltd.,Information Technology,UNKNOWN,IN,NIFTY 500,True,2026-01-20,
BLUEDART.NS,Blue Dart Express Ltd.,Services,UNKNOWN,IN,NIFTY 500,True,2026-01-20,
BLUEJET.NS,Blue Jet Healthcare Ltd.,Healthcare,UNKNOWN,IN,NIFTY 500,True,2026-01-20,
BLUESTARCO.NS,Blue Star Ltd.,Consumer Durables,UNKNOWN,IN,NIFTY 500,True,2026-01-20,
BBTC.NS,Bombay Burmah Trading Corporation Ltd.,Fast Moving Consumer Goods,UNKNOWN,IN,NIFTY 500,True,2026-01-20,
BOSCHLTD.NS,Bosch Ltd.,Automobile and Auto Components,UNKNOWN,IN,NIFTY 500,True,2026-01-20,
FIRSTCRY.NS,Brainbees Solutions Ltd.,Consumer Services,UNKNOWN,IN,NIFTY 500,True,2026-01-20,
BRIGADE.NS,Brigade Enterprises Ltd.,Realty,UNKNOWN,IN,NIFTY 500,True,2026-01-20,
BRITANNIA.NS,Britannia Industries Ltd.,Fast Moving Consumer Goods,UNKNOWN,IN,NIFTY 500,True,2026-01-20,
MAPMYINDIA.NS,C.E. Info Systems Ltd.,Information Technology,UNKNOWN,IN,NIFTY 500,True,2026-01-20,
CCL.NS,CCL Products (I) Ltd.,Fast Moving Consumer Goods,UNKNOWN,IN,NIFTY 500,True,2026-01-20,
CESC.NS,CESC Ltd.,Power,UNKNOWN,IN,NIFTY 500,True,2026-01-20,
CGPOWER.NS,CG Power and Industrial Solutions Ltd.,Capital Goods,UNKNOWN,IN,NIFTY 500,True,2026-01-20,
CRISIL.NS,CRISIL Ltd.,Financial Services,UNKNOWN,IN,NIFTY 500,True,2026-01-20,
CAMPUS.NS,Campus Activewear Ltd.,Consumer Durables,UNKNOWN,IN,NIFTY 500,True,2026-01-20,
CANFINHOME.NS,Can Fin Homes Ltd.,Financial Services,UNKNOWN,IN,NIFTY 500,True,2026-01-20,
CANBK.NS,Canara Bank,Financial Services,UNKNOWN,IN,NIFTY 500,True,2026-01-20,
CAPLIPOINT.NS,Caplin Point Laboratories Ltd.,Healthcare,UNKNOWN,IN,NIFTY 500,True,2026-01-20,
CGCL.NS,Capri Global Capital Ltd.,Financial Services,UNKNOWN,IN,NIFTY 500,True,2026-01-20,
CARBORUNIV.NS,Carborundum Universal Ltd.,Capital Goods,UNKNOWN,IN,NIFTY 500,True,2026-01-20,
CASTROLIND.NS,Castrol India Ltd.,Oil Gas & Consumable Fuels,UNKNOWN,IN,NIFTY 500,True,2026-01-20,
CEATLTD.NS,Ceat Ltd.,Automobile and Auto Components,UNKNOWN,IN,NIFTY 500,True,2026-01-20,
CENTRALBK.NS,Central Bank of India,Financial Services,UNKNOWN,IN,NIFTY 500,True,2026-01-20,
CDSL.NS,Central Depository Services (India) Ltd.,Financial Services,UNKNOWN,IN,NIFTY 500,True,2026-01-20,
CENTURYPLY.NS,Century Plyboards (India) Ltd.,Consumer Durables,UNKNOWN,IN,NIFTY 500,True,2026-01-20,
CERA.NS,Cera Sanitaryware Ltd,Consumer Durables,UNKNOWN,IN,NIFTY 500,True,2026-01-20,
CHALET.NS,Chalet Hotels Ltd.,Consumer Services,UNKNOWN,IN,NIFTY 500,True,2026-01-20,
CHAMBLFERT.NS,Chambal Fertilizers & Chemicals Ltd.,Chemicals,UNKNOWN,IN,NIFTY 500,True,2026-01-20,
CHENNPETRO.NS,Chennai Petroleum Corporation Ltd.,Oil Gas & Consumable Fuels,UNKNOWN,IN,NIFTY 500,True,2026-01-20,
CHOICEIN.NS,Choice International Ltd.,Financial Services,UNKNOWN,IN,NIFTY 500,True,2026-01-20,
CHOLAHLDNG.NS,Cholamandalam Financial Holdings Ltd.,Financial Services,UNKNOWN,IN,NIFTY 500,True,2026-01-20,
CHOLAFIN.NS,Cholamandalam Investment and Finance Company Ltd.,Financial Services,UNKNOWN,IN,NIFTY 500,True,2026-01-20,
CIPLA.NS,Cipla Ltd.,Healthcare,UNKNOWN,IN,NIFTY 500,True,2026-01-20,
CUB.NS,City Union Bank Ltd.,Financial Services,UNKNOWN,IN,NIFTY 500,True,2026-01-20,
CLEAN.NS,Clean Science and Technology Ltd.,Chemicals,UNKNOWN,IN,NIFTY 500,True,2026-01-20,
COALINDIA.NS,Coal India Ltd.,Oil Gas & Consumable Fuels,UNKNOWN,IN,NIFTY 500,True,2026-01-20,
COCHINSHIP.NS,Cochin Shipyard Ltd.,Capital Goods,UNKNOWN,IN,NIFTY 500,True,2026-01-20,
COFORGE.NS,Coforge Ltd.,Information Technology,UNKNOWN,IN,NIFTY 500,True,2026-01-20,
COHANCE.NS,Cohance Lifesciences Ltd.,Healthcare,UNKNOWN,IN,NIFTY 500,True,2026-01-20,
COLPAL.NS,Colgate Palmolive (India) Ltd.,Fast Moving Consumer Goods,UNKNOWN,IN,NIFTY 500,True,2026-01-20,
CAMS.NS,Computer Age Management Services Ltd.,Financial Services,UNKNOWN,IN,NIFTY 500,True,2026-01-20,
CONCORDBIO.NS,Concord Biotech Ltd.,Healthcare,UNKNOWN,IN,NIFTY 500,True,2026-01-20,
CONCOR.NS,Container Corporation of India Ltd.,Services,UNKNOWN,IN,NIFTY 500,True,2026-01-20,
COROMANDEL.NS,Coromandel International Ltd.,Chemicals,UNKNOWN,IN,NIFTY 500,True,2026-01-20,
CRAFTSMAN.NS,Craftsman Automation Ltd.,Automobile and Auto Components,UNKNOWN,IN,NIFTY 500,True,2026-01-20,
CREDITACC.NS,CreditAccess Grameen Ltd.,Financial Services,UNKNOWN,IN,NIFTY 500,True,2026-01-20,
CROMPTON.NS,Crompton Greaves Consumer Electricals Ltd.,Consumer Durables,UNKNOWN,IN,NIFTY 500,True,2026-01-20,
CUMMINSIND.NS,Cummins India Ltd.,Capital Goods,UNKNOWN,IN,NIFTY 500,True,2026-01-20,
CYIENT.NS,Cyient Ltd.,Information Technology,UNKNOWN,IN,NIFTY 500,True,2026-01-20,
DCMSHRIRAM.NS,DCM Shriram Ltd.,Diversified,UNKNOWN,IN,NIFTY 500,True,2026-01-20,
DLF.NS,DLF Ltd.,Realty,UNKNOWN,IN,NIFTY 500,True,2026-01-20,
DOMS.NS,DOMS Industries Ltd.,Fast Moving Consumer Goods,UNKNOWN,IN,NIFTY 500,True,2026-01-20,
DABUR.NS,Dabur India Ltd.,Fast Moving Consumer Goods,UNKNOWN,IN,NIFTY 500,True,2026-01-20,
DALBHARAT.NS,Dalmia Bharat Ltd.,Construction Materials,UNKNOWN,IN,NIFTY 500,True,2026-01-20,
DATAPATTNS.NS,Data Patterns (India) Ltd.,Capital Goods,UNKNOWN,IN,NIFTY 500,True,2026-01-20,
DEEPAKFERT.NS,Deepak Fertilisers & Petrochemicals Corp. Ltd.,Chemicals,UNKNOWN,IN,NIFTY 500,True,2026-01-20,
DEEPAKNTR.NS,Deepak Nitrite Ltd.,Chemicals,UNKNOWN,IN,NIFTY 500,True,2026-01-20,
DELHIVERY.NS,Delhivery Ltd.,Services,UNKNOWN,IN,NIFTY 500,True,2026-01-20,
DEVYANI.NS,Devyani International Ltd.,Consumer Services,UNKNOWN,IN,NIFTY 500,True,2026-01-20,
DIVISLAB.NS,Divi's Laboratories Ltd.,Healthcare,UNKNOWN,IN,NIFTY 500,True,2026-01-20,
DIXON.NS,Dixon Technologies (India) Ltd.,Consumer Durables,UNKNOWN,IN,NIFTY 500,True,2026-01-20,
AGARWALEYE.NS,Dr. Agarwal's Health Care Ltd.,Healthcare,UNKNOWN,IN,NIFTY 500,True,2026-01-20,
LALPATHLAB.NS,Dr. Lal Path Labs Ltd.,Healthcare,UNKNOWN,IN,NIFTY 500,True,2026-01-20,
DRREDDY.NS,Dr. Reddy's Laboratories Ltd.,Healthcare,UNKNOWN,IN,NIFTY 500,True,2026-01-20,
DUMMYHDLVR.NS,Dummy Hindustan Unilever Ltd.,Fast Moving Consumer Goods,UNKNOWN,IN,NIFTY 500,True,2026-01-20,
EIDPARRY.NS,E.I.D. Parry (India) Ltd.,Fast Moving Consumer Goods,UNKNOWN,IN,NIFTY 500,True,2026-01-20,
EIHOTEL.NS,EIH Ltd.,Consumer Services,UNKNOWN,IN,NIFTY 500,True,2026-01-20,
EICHERMOT.NS,Eicher Motors Ltd.,Automobile and Auto Components,UNKNOWN,IN,NIFTY 500,True,2026-01-20,
ELECON.NS,Elecon Engineering Co. Ltd.,Capital Goods,UNKNOWN,IN,NIFTY 500,True,2026-01-20,
ELGIEQUIP.NS,Elgi Equipments Ltd.,Capital Goods,UNKNOWN,IN,NIFTY 500,True,2026-01-20,
EMAMILTD.NS,Emami Ltd.,Fast Moving Consumer Goods,UNKNOWN,IN,NIFTY 500,True,2026-01-20,
EMCURE.NS,Emcure Pharmaceuticals Ltd.,Healthcare,UNKNOWN,IN,NIFTY 500,True,2026-01-20,
ENDURANCE.NS,Endurance Technologies Ltd.,Automobile and Auto Components,UNKNOWN,IN,NIFTY 500,True,2026-01-20,
ENGINERSIN.NS,Engineers India Ltd.,Construction,UNKNOWN,IN,NIFTY 500,True,2026-01-20,
ERIS.NS,Eris Lifesciences Ltd.,Healthcare,UNKNOWN,IN,NIFTY 500,True,2026-01-20,
ESCORTS.NS,Escorts Kubota Ltd.,Capital Goods,UNKNOWN,IN,NIFTY 500,True,2026-01-20,
ETERNAL.NS,Eternal Ltd.,Consumer Services,UNKNOWN,IN,NIFTY 500,True,2026-01-20,
EXIDEIND.NS,Exide Industries Ltd.,Automobile and Auto Components,UNKNOWN,IN,NIFTY 500,True,2026-01-20,
NYKAA.NS,FSN E-Commerce Ventures Ltd.,Consumer Services,UNKNOWN,IN,NIFTY 500,True,2026-01-20,
FEDERALBNK.NS,Federal Bank Ltd.,Financial Services,UNKNOWN,IN,NIFTY 500,True,2026-01-20,
FACT.NS,Fertilisers and Chemicals Travancore Ltd.,Chemicals,UNKNOWN,IN,NIFTY 500,True,2026-01-20,
FINCABLES.NS,Finolex Cables Ltd.,Capital Goods,UNKNOWN,IN,NIFTY 500,True,2026-01-20,
FINPIPE.NS,Finolex Industries Ltd.,Capital Goods,UNKNOWN,IN,NIFTY 500,True,2026-01-20,
FSL.NS,Firstsource Solutions Ltd.,Services,UNKNOWN,IN,NIFTY 500,True,2026-01-20,
FIVESTAR.NS,Five-Star Business Finance Ltd.,Financial Services,UNKNOWN,IN,NIFTY 500,True,2026-01-20,
FORCEMOT.NS,Force Motors Ltd.,Automobile and Auto Components,UNKNOWN,IN,NIFTY 500,True,2026-01-20,
FORTIS.NS,Fortis Healthcare Ltd.,Healthcare,UNKNOWN,IN,NIFTY 500,True,2026-01-20,
GAIL.NS,GAIL (India) Ltd.,Oil Gas & Consumable Fuels,UNKNOWN,IN,NIFTY 500,True,2026-01-20,
GVT&D.NS,GE Vernova T&D India Ltd.,Capital Goods,UNKNOWN,IN,NIFTY 500,True,2026-01-20,
GMRAIRPORT.NS,GMR Airports Ltd.,Services,UNKNOWN,IN,NIFTY 500,True,2026-01-20,
GRSE.NS,Garden Reach Shipbuilders & Engineers Ltd.,Capital Goods,UNKNOWN,IN,NIFTY 500,True,2026-01-20,
GICRE.NS,General Insurance Corporation of India,Financial Services,UNKNOWN,IN,NIFTY 500,True,2026-01-20,
GILLETTE.NS,Gillette India Ltd.,Fast Moving Consumer Goods,UNKNOWN,IN,NIFTY 500,True,2026-01-20,
GLAND.NS,Gland Pharma Ltd.,Healthcare,UNKNOWN,IN,NIFTY 500,True,2026-01-20,
GLAXO.NS,Glaxosmithkline Pharmaceuticals Ltd.,Healthcare,UNKNOWN,IN,NIFTY 500,True,2026-01-20,
GLENMARK.NS,Glenmark Pharmaceuticals Ltd.,Healthcare,UNKNOWN,IN,NIFTY 500,True,2026-01-20,
MEDANTA.NS,Global Health Ltd.,Healthcare,UNKNOWN,IN,NIFTY 500,True,2026-01-20,
GODIGIT.NS,Go Digit General Insurance Ltd.,Financial Services,UNKNOWN,IN,NIFTY 500,True,2026-01-20,
GPIL.NS,Godawari Power & Ispat Ltd.,Capital Goods,UNKNOWN,IN,NIFTY 500,True,2026-01-20,
GODFRYPHLP.NS,Godfrey Phillips India Ltd.,Fast Moving Consumer Goods,UNKNOWN,IN,NIFTY 500,True,2026-01-20,
GODREJAGRO.NS,Godrej Agrovet Ltd.,Fast Moving Consumer Goods,UNKNOWN,IN,NIFTY 500,True,2026-01-20,
GODREJCP.NS,Godrej Consumer Products Ltd.,Fast Moving Consumer Goods,UNKNOWN,IN,NIFTY 500,True,2026-01-20,
GODREJIND.NS,Godrej Industries Ltd.,Diversified,UNKNOWN,IN,NIFTY 500,True,2026-01-20,
GODREJPROP.NS,Godrej Properties Ltd.,Realty,UNKNOWN,IN,NIFTY 500,True,2026-01-20,
GRANULES.NS,Granules India Ltd.,Healthcare,UNKNOWN,IN,NIFTY 500,True,2026-01-20,
GRAPHITE.NS,Graphite India Ltd.,Capital Goods,UNKNOWN,IN,NIFTY 500,True,2026-01-20,
GRASIM.NS,Grasim Industries Ltd.,Construction Materials,UNKNOWN,IN,NIFTY 500,True,2026-01-20,
GRAVITA.NS,Gravita India Ltd.,Metals & Mining,UNKNOWN,IN,NIFTY 500,True,2026-01-20,
GESHIP.NS,Great Eastern Shipping Co. Ltd.,Services,UNKNOWN,IN,NIFTY 500,True,2026-01-20,
FLUOROCHEM.NS,Gujarat Fluorochemicals Ltd.,Chemicals,UNKNOWN,IN,NIFTY 500,True,2026-01-20,
GUJGASLTD.NS,Gujarat Gas Ltd.,Oil Gas & Consumable Fuels,UNKNOWN,IN,NIFTY 500,True,2026-01-20,
GMDCLTD.NS,Gujarat Mineral Development Corporation Ltd.,Metals & Mining,UNKNOWN,IN,NIFTY 500,True,2026-01-20,
GSPL.NS,Gujarat State Petronet Ltd.,Oil Gas & Consumable Fuels,UNKNOWN,IN,NIFTY 500,True,2026-01-20,
HEG.NS,H.E.G. Ltd.,Capital Goods,UNKNOWN,IN,NIFTY 500,True,2026-01-20,
HBLENGINE.NS,HBL Engineering Ltd.,Capital Goods,UNKNOWN,IN,NIFTY 500,True,2026-01-20,
HCLTECH.NS,HCL Technologies Ltd.,Information Technology,UNKNOWN,IN,NIFTY 500,True,2026-01-20,
HDFCAMC.NS,HDFC Asset Management Company Ltd.,Financial Services,UNKNOWN,IN,NIFTY 500,True,2026-01-20,
HDFCBANK.NS,HDFC Bank Ltd.,Financial Services,UNKNOWN,IN,NIFTY 500,True,2026-01-20,
HDFCLIFE.NS,HDFC Life Insurance Company Ltd.,Financial Services,UNKNOWN,IN,NIFTY 500,True,2026-01-20,
HFCL.NS,HFCL Ltd.,Telecommunication,UNKNOWN,IN,NIFTY 500,True,2026-01-20,
HAPPSTMNDS.NS,Happiest Minds Technologies Ltd.,Information Technology,UNKNOWN,IN,NIFTY 500,True,2026-01-20,
HAVELLS.NS,Havells India Ltd.,Consumer Durables,UNKNOWN,IN,NIFTY 500,True,2026-01-20,
HEROMOTOCO.NS,Hero MotoCorp Ltd.,Automobile and Auto Components,UNKNOWN,IN,NIFTY 500,True,2026-01-20,
HEXT.NS,Hexaware Technologies Ltd.,Information Technology,UNKNOWN,IN,NIFTY 500,True,2026-01-20,
HSCL.NS,Himadri Speciality Chemical Ltd.,Chemicals,UNKNOWN,IN,NIFTY 500,True,2026-01-20,
HINDALCO.NS,Hindalco Industries Ltd.,Metals & Mining,UNKNOWN,IN,NIFTY 500,True,2026-01-20,
HAL.NS,Hindustan Aeronautics Ltd.,Capital Goods,UNKNOWN,IN,NIFTY 500,True,2026-01-20,
HINDCOPPER.NS,Hindustan Copper Ltd.,Metals & Mining,UNKNOWN,IN,NIFTY 500,True,2026-01-20,
HINDPETRO.NS,Hindustan Petroleum Corporation Ltd.,Oil Gas & Consumable Fuels,UNKNOWN,IN,NIFTY 500,True,2026-01-20,
HINDUNILVR.NS,Hindustan Unilever Ltd.,Fast Moving Consumer Goods,UNKNOWN,IN,NIFTY 500,True,2026-01-20,
HINDZINC.NS,Hindustan Zinc Ltd.,Metals & Mining,UNKNOWN,IN,NIFTY 500,True,2026-01-20,
POWERINDIA.NS,Hitachi Energy India Ltd.,Capital Goods,UNKNOWN,IN,NIFTY 500,True,2026-01-20,
HOMEFIRST.NS,Home First Finance Company India Ltd.,Financial Services,UNKNOWN,IN,NIFTY 500,True,2026-01-20,
HONASA.NS,Honasa Consumer Ltd.,Fast Moving Consumer Goods,UNKNOWN,IN,NIFTY 500,True,2026-01-20,
HONAUT.NS,Honeywell Automation India Ltd.,Capital Goods,UNKNOWN,IN,NIFTY 500,True,2026-01-20,
HUDCO.NS,Housing & Urban Development Corporation Ltd.,Financial Services,UNKNOWN,IN,NIFTY 500,True,2026-01-20,
HYUNDAI.NS,Hyundai Motor India Ltd.,Automobile and Auto Components,UNKNOWN,IN,NIFTY 500,True,2026-01-20,
ICICIBANK.NS,ICICI Bank Ltd.,Financial Services,UNKNOWN,IN,NIFTY 500,True,2026-01-20,
ICICIGI.NS,ICICI Lombard General Insurance Company Ltd.,Financial Services,UNKNOWN,IN,NIFTY 500,True,2026-01-20,
ICICIPRULI.NS,ICICI Prudential Life Insurance Company Ltd.,Financial Services,UNKNOWN,IN,NIFTY 500,True,2026-01-20,
IDBI.NS,IDBI Bank Ltd.,Financial Services,UNKNOWN,IN,NIFTY 500,True,2026-01-20,
IDFCFIRSTB.NS,IDFC First Bank Ltd.,Financial Services,UNKNOWN,IN,NIFTY 500,True,2026-01-20,
IFCI.NS,IFCI Ltd.,Financial Services,UNKNOWN,IN,NIFTY 500,True,2026-01-20,
IIFL.NS,IIFL Finance Ltd.,Financial Services,UNKNOWN,IN,NIFTY 500,True,2026-01-20,
INOXINDIA.NS,INOX India Ltd.,Capital Goods,UNKNOWN,IN,NIFTY 500,True,2026-01-20,
IRB.NS,IRB Infrastructure Developers Ltd.,Construction,UNKNOWN,IN,NIFTY 500,True,2026-01-20,
IRCON.NS,IRCON International Ltd.,Construction,UNKNOWN,IN,NIFTY 500,True,2026-01-20,
ITCHOTELS.NS,ITC Hotels Ltd.,Consumer Services,UNKNOWN,IN,NIFTY 500,True,2026-01-20,
ITC.NS,ITC Ltd.,Fast Moving Consumer Goods,UNKNOWN,IN,NIFTY 500,True,2026-01-20,
ITI.NS,ITI Ltd.,Telecommunication,UNKNOWN,IN,NIFTY 500,True,2026-01-20,
INDGN.NS,Indegene Ltd.,Healthcare,UNKNOWN,IN,NIFTY 500,True,2026-01-20,
INDIACEM.NS,India Cements Ltd.,Construction Materials,UNKNOWN,IN,NIFTY 500,True,2026-01-20,
INDIAMART.NS,Indiamart Intermesh Ltd.,Consumer Services,UNKNOWN,IN,NIFTY 500,True,2026-01-20,
INDIANB.NS,Indian Bank,Financial Services,UNKNOWN,IN,NIFTY 500,True,2026-01-20,
IEX.NS,Indian Energy Exchange Ltd.,Financial Services,UNKNOWN,IN,NIFTY 500,True,2026-01-20,
INDHOTEL.NS,Indian Hotels Co. Ltd.,Consumer Services,UNKNOWN,IN,NIFTY 500,True,2026-01-20,
IOC.NS,Indian Oil Corporation Ltd.,Oil Gas & Consumable Fuels,UNKNOWN,IN,NIFTY 500,True,2026-01-20,
IOB.NS,Indian Overseas Bank,Financial Services,UNKNOWN,IN,NIFTY 500,True,2026-01-20,
IRCTC.NS,Indian Railway Catering And Tourism Corporation Ltd.,Consumer Services,UNKNOWN,IN,NIFTY 500,True,2026-01-20,
IRFC.NS,Indian Railway Finance Corporation Ltd.,Financial Services,UNKNOWN,IN,NIFTY 500,True,2026-01-20,
IREDA.NS,Indian Renewable Energy Development Agency Ltd.,Financial Services,UNKNOWN,IN,NIFTY 500,True,2026-01-20,
IGL.NS,Indraprastha Gas Ltd.,Oil Gas & Consumable Fuels,UNKNOWN,IN,NIFTY 500,True,2026-01-20,
INDUSTOWER.NS,Indus Towers Ltd.,Telecommunication,UNKNOWN,IN,NIFTY 500,True,2026-01-20,
INDUSINDBK.NS,IndusInd Bank Ltd.,Financial Services,UNKNOWN,IN,NIFTY 500,True,2026-01-20,
NAUKRI.NS,Info Edge (India) Ltd.,Consumer Services,UNKNOWN,IN,NIFTY 500,True,2026-01-20,
INFY.NS,Infosys Ltd.,Information Technology,UNKNOWN,IN,NIFTY 500,True,2026-01-20,
INOXWIND.NS,Inox Wind Ltd.,Capital Goods,UNKNOWN,IN,NIFTY 500,True,2026-01-20,
INTELLECT.NS,Intellect Design Arena Ltd.,Information Technology,UNKNOWN,IN,NIFTY 500,True,2026-01-20,
INDIGO.NS,InterGlobe Aviation Ltd.,Services,UNKNOWN,IN,NIFTY 500,True,2026-01-20,
IGIL.NS,International Gemmological Institute (India) Ltd.,Services,UNKNOWN,IN,NIFTY 500,True,2026-01-20,
IKS.NS,Inventurus Knowledge Solutions Ltd.,Information Technology,UNKNOWN,IN,NIFTY 500,True,2026-01-20,
IPCALAB.NS,Ipca Laboratories Ltd.,Healthcare,UNKNOWN,IN,NIFTY 500,True,2026-01-20,
JBCHEPHARM.NS,J.B. Chemicals & Pharmaceuticals Ltd.,Healthcare,UNKNOWN,IN,NIFTY 500,True,2026-01-20,
JKCEMENT.NS,J.K. Cement Ltd.,Construction Materials,UNKNOWN,IN,NIFTY 500,True,2026-01-20,
JBMA.NS,JBM Auto Ltd.,Automobile and Auto Components,UNKNOWN,IN,NIFTY 500,True,2026-01-20,
JKTYRE.NS,JK Tyre & Industries Ltd.,Automobile and Auto Components,UNKNOWN,IN,NIFTY 500,True,2026-01-20,
JMFINANCIL.NS,JM Financial Ltd.,Financial Services,UNKNOWN,IN,NIFTY 500,True,2026-01-20,
JSWCEMENT.NS,JSW Cement Ltd.,Construction Materials,UNKNOWN,IN,NIFTY 500,True,2026-01-20,
JSWENERGY.NS,JSW Energy Ltd.,Power,UNKNOWN,IN,NIFTY 500,True,2026-01-20,
JSWINFRA.NS,JSW Infrastructure Ltd.,Services,UNKNOWN,IN,NIFTY 500,True,2026-01-20,
JSWSTEEL.NS,JSW Steel Ltd.,Metals & Mining,UNKNOWN,IN,NIFTY 500,True,2026-01-20,
JPPOWER.NS,Jaiprakash Power Ventures Ltd.,Power,UNKNOWN,IN,NIFTY 500,True,2026-01-20,
J&KBANK.NS,Jammu & Kashmir Bank Ltd.,Financial Services,UNKNOWN,IN,NIFTY 500,True,2026-01-20,
JINDALSAW.NS,Jindal Saw Ltd.,Capital Goods,UNKNOWN,IN,NIFTY 500,True,2026-01-20,
JSL.NS,Jindal Stainless Ltd.,Metals & Mining,UNKNOWN,IN,NIFTY 500,True,2026-01-20,
JINDALSTEL.NS,Jindal Steel Ltd.,Metals & Mining,UNKNOWN,IN,NIFTY 500,True,2026-01-20,
JIOFIN.NS,Jio Financial Services Ltd.,Financial Services,UNKNOWN,IN,NIFTY 500,True,2026-01-20,
JUBLFOOD.NS,Jubilant Foodworks Ltd.,Consumer Services,UNKNOWN,IN,NIFTY 500,True,2026-01-20,
JUBLINGREA.NS,Jubilant Ingrevia Ltd.,Chemicals,UNKNOWN,IN,NIFTY 500,True,2026-01-20,
JUBLPHARMA.NS,Jubilant Pharmova Ltd.,Healthcare,UNKNOWN,IN,NIFTY 500,True,2026-01-20,
JWL.NS,Jupiter Wagons Ltd.,Capital Goods,UNKNOWN,IN,NIFTY 500,True,2026-01-20,
JYOTHYLAB.NS,Jyothy Labs Ltd.,Fast Moving Consumer Goods,UNKNOWN,IN,NIFTY 500,True,2026-01-20,
JYOTICNC.NS,Jyoti CNC Automation Ltd.,Capital Goods,UNKNOWN,IN,NIFTY 500,True,2026-01-20,
KPRMILL.NS,K.P.R. Mill Ltd.,Textiles,UNKNOWN,IN,NIFTY 500,True,2026-01-20,
KEI.NS,KEI Industries Ltd.,Capital Goods,UNKNOWN,IN,NIFTY 500,True,2026-01-20,
KPITTECH.NS,KPIT Technologies Ltd.,Information Technology,UNKNOWN,IN,NIFTY 500,True,2026-01-20,
KSB.NS,KSB Ltd.,Capital Goods,UNKNOWN,IN,NIFTY 500,True,2026-01-20,
KAJARIACER.NS,Kajaria Ceramics Ltd.,Consumer Durables,UNKNOWN,IN,NIFTY 500,True,2026-01-20,
KPIL.NS,Kalpataru Projects International Ltd.,Construction,UNKNOWN,IN,NIFTY 500,True,2026-01-20,
KALYANKJIL.NS,Kalyan Jewellers India Ltd.,Consumer Durables,UNKNOWN,IN,NIFTY 500,True,2026-01-20,
KARURVYSYA.NS,Karur Vysya Bank Ltd.,Financial Services,UNKNOWN,IN,NIFTY 500,True,2026-01-20,
KAYNES.NS,Kaynes Technology India Ltd.,Capital Goods,UNKNOWN,IN,NIFTY 500,True,2026-01-20,
KEC.NS,Kec International Ltd.,Construction,UNKNOWN,IN,NIFTY 500,True,2026-01-20,
KFINTECH.NS,Kfin Technologies Ltd.,Financial Services,UNKNOWN,IN,NIFTY 500,True,2026-01-20,
KIRLOSBROS.NS,Kirloskar Brothers Ltd.,Capital Goods,UNKNOWN,IN,NIFTY 500,True,2026-01-20,
KIRLOSENG.NS,Kirloskar Oil Eng Ltd.,Capital Goods,UNKNOWN,IN,NIFTY 500,True,2026-01-20,
KOTAKBANK.NS,Kotak Mahindra Bank Ltd.,Financial Services,UNKNOWN,IN,NIFTY 500,True,2026-01-20,
KIMS.NS,Krishna Institute of Medical Sciences Ltd.,Healthcare,UNKNOWN,IN,NIFTY 500,True,2026-01-20,
LTF.NS,L&T Finance Ltd.,Financial Services,UNKNOWN,IN,NIFTY 500,True,2026-01-20,
LTTS.NS,L&T Technology Services Ltd.,Information Technology,UNKNOWN,IN,NIFTY 500,True,2026-01-20,
LICHSGFIN.NS,LIC Housing Finance Ltd.,Financial Services,UNKNOWN,IN,NIFTY 500,True,2026-01-20,
LTFOODS.NS,LT Foods Ltd.,Fast Moving Consumer Goods,UNKNOWN,IN,NIFTY 500,True,2026-01-20,
LTIM.NS,LTIMindtree Ltd.,Information Technology,UNKNOWN,IN,NIFTY 500,True,2026-01-20,
LT.NS,Larsen & Toubro Ltd.,Construction,UNKNOWN,IN,NIFTY 500,True,2026-01-20,
LATENTVIEW.NS,Latent View Analytics Ltd.,Information Technology,UNKNOWN,IN,NIFTY 500,True,2026-01-20,
LAURUSLABS.NS,Laurus Labs Ltd.,Healthcare,UNKNOWN,IN,NIFTY 500,True,2026-01-20,
THELEELA.NS,Leela Palaces Hotels & Resorts Ltd.,Consumer Services,UNKNOWN,IN,NIFTY 500,True,2026-01-20,
LEMONTREE.NS,Lemon Tree Hotels Ltd.,Consumer Services,UNKNOWN,IN,NIFTY 500,True,2026-01-20,
LICI.NS,Life Insurance Corporation of India,Financial Services,UNKNOWN,IN,NIFTY 500,True,2026-01-20,
LINDEINDIA.NS,Linde India Ltd.,Chemicals,UNKNOWN,IN,NIFTY 500,True,2026-01-20,
LLOYDSME.NS,Lloyds Metals And Energy Ltd.,Metals & Mining,UNKNOWN,IN,NIFTY 500,True,2026-01-20,
LODHA.NS,Lodha Developers Ltd.,Realty,UNKNOWN,IN,NIFTY 500,True,2026-01-20,
LUPIN.NS,Lupin Ltd.,Healthcare,UNKNOWN,IN,NIFTY 500,True,2026-01-20,
MMTC.NS,MMTC Ltd.,Services,UNKNOWN,IN,NIFTY 500,True,2026-01-20,
MRF.NS,MRF Ltd.,Automobile and Auto Components,UNKNOWN,IN,NIFTY 500,True,2026-01-20,
MGL.NS,Mahanagar Gas Ltd.,Oil Gas & Consumable Fuels,UNKNOWN,IN,NIFTY 500,True,2026-01-20,
MAHSCOOTER.NS,Maharashtra Scooters Ltd.,Financial Services,UNKNOWN,IN,NIFTY 500,True,2026-01-20,
MAHSEAMLES.NS,Maharashtra Seamless Ltd.,Capital Goods,UNKNOWN,IN,NIFTY 500,True,2026-01-20,
M&MFIN.NS,Mahindra & Mahindra Financial Services Ltd.,Financial Services,UNKNOWN,IN,NIFTY 500,True,2026-01-20,
M&M.NS,Mahindra & Mahindra Ltd.,Automobile and Auto Components,UNKNOWN,IN,NIFTY 500,True,2026-01-20,
MANAPPURAM.NS,Manappuram Finance Ltd.,Financial Services,UNKNOWN,IN,NIFTY 500,True,2026-01-20,
MRPL.NS,Mangalore Refinery & Petrochemicals Ltd.,Oil Gas & Consumable Fuels,UNKNOWN,IN,NIFTY 500,True,2026-01-20,
MANKIND.NS,Mankind Pharma Ltd.,Healthcare,UNKNOWN,IN,NIFTY 500,True,2026-01-20,
MARICO.NS,Marico Ltd.,Fast Moving Consumer Goods,UNKNOWN,IN,NIFTY 500,True,2026-01-20,
MARUTI.NS,Maruti Suzuki India Ltd.,Automobile and Auto Components,UNKNOWN,IN,NIFTY 500,True,2026-01-20,
MFSL.NS,Max Financial Services Ltd.,Financial Services,UNKNOWN,IN,NIFTY 500,True,2026-01-20,
MAXHEALTH.NS,Max Healthcare Institute Ltd.,Healthcare,UNKNOWN,IN,NIFTY 500,True,2026-01-20,
MAZDOCK.NS,Mazagoan Dock Shipbuilders Ltd.,Capital Goods,UNKNOWN,IN,NIFTY 500,True,2026-01-20,
METROPOLIS.NS,Metropolis Healthcare Ltd.,Healthcare,UNKNOWN,IN,NIFTY 500,True,2026-01-20,
MINDACORP.NS,Minda Corporation Ltd.,Automobile and Auto Components,UNKNOWN,IN,NIFTY 500,True,2026-01-20,
MSUMI.NS,Motherson Sumi Wiring India Ltd.,Automobile and Auto Components,UNKNOWN,IN,NIFTY 500,True,2026-01-20,
MOTILALOFS.NS,Motilal Oswal Financial Services Ltd.,Financial Services,UNKNOWN,IN,NIFTY 500,True,2026-01-20,
MPHASIS.NS,MphasiS Ltd.,Information Technology,UNKNOWN,IN,NIFTY 500,True,2026-01-20,
MCX.NS,Multi Commodity Exchange of India Ltd.,Financial Services,UNKNOWN,IN,NIFTY 500,True,2026-01-20,
MUTHOOTFIN.NS,Muthoot Finance Ltd.,Financial Services,UNKNOWN,IN,NIFTY 500,True,2026-01-20,
NATCOPHARM.NS,NATCO Pharma Ltd.,Healthcare,UNKNOWN,IN,NIFTY 500,True,2026-01-20,
NBCC.NS,NBCC (India) Ltd.,Construction,UNKNOWN,IN,NIFTY 500,True,2026-01-20,
NCC.NS,NCC Ltd.,Construction,UNKNOWN,IN,NIFTY 500,True,2026-01-20,
NHPC.NS,NHPC Ltd.,Power,UNKNOWN,IN,NIFTY 500,True,2026-01-20,
NLCINDIA.NS,NLC India Ltd.,Power,UNKNOWN,IN,NIFTY 500,True,2026-01-20,
NMDC.NS,NMDC Ltd.,Metals & Mining,UNKNOWN,IN,NIFTY 500,True,2026-01-20,
NSLNISP.NS,NMDC Steel Ltd.,Metals & Mining,UNKNOWN,IN,NIFTY 500,True,2026-01-20,
NTPCGREEN.NS,NTPC Green Energy Ltd.,Power,UNKNOWN,IN,NIFTY 500,True,2026-01-20,
NTPC.NS,NTPC Ltd.,Power,UNKNOWN,IN,NIFTY 500,True,2026-01-20,
NH.NS,Narayana Hrudayalaya Ltd.,Healthcare,UNKNOWN,IN,NIFTY 500,True,2026-01-20,
NATIONALUM.NS,National Aluminium Co. Ltd.,Metals & Mining,UNKNOWN,IN,NIFTY 500,True,2026-01-20,
NAVA.NS,Nava Ltd.,Power,UNKNOWN,IN,NIFTY 500,True,2026-01-20,
NAVINFLUOR.NS,Navin Fluorine International Ltd.,Chemicals,UNKNOWN,IN,NIFTY 500,True,2026-01-20,
NESTLEIND.NS,Nestle India Ltd.,Fast Moving Consumer Goods,UNKNOWN,IN,NIFTY 500,True,2026-01-20,
NETWEB.NS,Netweb Technologies India Ltd.,Information Technology,UNKNOWN,IN,NIFTY 500,True,2026-01-20,
NEULANDLAB.NS,Neuland Laboratories Ltd.,Healthcare,UNKNOWN,IN,NIFTY 500,True,2026-01-20,
NEWGEN.NS,Newgen Software Technologies Ltd.,Information Technology,UNKNOWN,IN,NIFTY 500,True,2026-01-20,
NAM-INDIA.NS,Nippon Life India Asset Management Ltd.,Financial Services,UNKNOWN,IN,NIFTY 500,True,2026-01-20,
NIVABUPA.NS,Niva Bupa Health Insurance Company Ltd.,Financial Services,UNKNOWN,IN,NIFTY 500,True,2026-01-20,
NUVAMA.NS,Nuvama Wealth Management Ltd.,Financial Services,UNKNOWN,IN,NIFTY 500,True,2026-01-20,
NUVOCO.NS,Nuvoco Vistas Corporation Ltd.,Construction Materials,UNKNOWN,IN,NIFTY 500,True,2026-01-20,
OBEROIRLTY.NS,Oberoi Realty Ltd.,Realty,UNKNOWN,IN,NIFTY 500,True,2026-01-20,
ONGC.NS,Oil & Natural Gas Corporation Ltd.,Oil Gas & Consumable Fuels,UNKNOWN,IN,NIFTY 500,True,2026-01-20,
OIL.NS,Oil India Ltd.,Oil Gas & Consumable Fuels,UNKNOWN,IN,NIFTY 500,True,2026-01-20,
OLAELEC.NS,Ola Electric Mobility Ltd.,Automobile and Auto Components,UNKNOWN,IN,NIFTY 500,True,2026-01-20,
OLECTRA.NS,Olectra Greentech Ltd.,Automobile and Auto Components,UNKNOWN,IN,NIFTY 500,True,2026-01-20,
PAYTM.NS,One 97 Communications Ltd.,Financial Services,UNKNOWN,IN,NIFTY 500,True,2026-01-20,
ONESOURCE.NS,Onesource Specialty Pharma Ltd.,Healthcare,UNKNOWN,IN,NIFTY 500,True,2026-01-20,
OFSS.NS,Oracle Financial Services Software Ltd.,Information Technology,UNKNOWN,IN,NIFTY 500,True,2026-01-20,
POLICYBZR.NS,PB Fintech Ltd.,Financial Services,UNKNOWN,IN,NIFTY 500,True,2026-01-20,
PCBL.NS,PCBL Chemical Ltd.,Chemicals,UNKNOWN,IN,NIFTY 500,True,2026-01-20,
PGEL.NS,PG Electroplast Ltd.,Consumer Durables,UNKNOWN,IN,NIFTY 500,True,2026-01-20,
PIIND.NS,PI Industries Ltd.,Chemicals,UNKNOWN,IN,NIFTY 500,True,2026-01-20,
PNBHOUSING.NS,PNB Housing Finance Ltd.,Financial Services,UNKNOWN,IN,NIFTY 500,True,2026-01-20,
PTCIL.NS,PTC Industries Ltd.,Capital Goods,UNKNOWN,IN,NIFTY 500,True,2026-01-20,
PVRINOX.NS,PVR INOX Ltd.,Media Entertainment & Publication,UNKNOWN,IN,NIFTY 500,True,2026-01-20,
PAGEIND.NS,Page Industries Ltd.,Textiles,UNKNOWN,IN,NIFTY 500,True,2026-01-20,
PATANJALI.NS,Patanjali Foods Ltd.,Fast Moving Consumer Goods,UNKNOWN,IN,NIFTY 500,True,2026-01-20,
PERSISTENT.NS,Persistent Systems Ltd.,Information Technology,UNKNOWN,IN,NIFTY 500,True,2026-01-20,
PETRONET.NS,Petronet LNG Ltd.,Oil Gas & Consumable Fuels,UNKNOWN,IN,NIFTY 500,True,2026-01-20,
PFIZER.NS,Pfizer Ltd.,Healthcare,UNKNOWN,IN,NIFTY 500,True,2026-01-20,
PHOENIXLTD.NS,Phoenix Mills Ltd.,Realty,UNKNOWN,IN,NIFTY 500,True,2026-01-20,
PIDILITIND.NS,Pidilite Industries Ltd.,Chemicals,UNKNOWN,IN,NIFTY 500,True,2026-01-20,
PPLPHARMA.NS,Piramal Pharma Ltd.,Healthcare,UNKNOWN,IN,NIFTY 500,True,2026-01-20,
POLYMED.NS,Poly Medicure Ltd.,Healthcare,UNKNOWN,IN,NIFTY 500,True,2026-01-20,
POLYCAB.NS,Polycab India Ltd.,Capital Goods,UNKNOWN,IN,NIFTY 500,True,2026-01-20,
POONAWALLA.NS,Poonawalla Fincorp Ltd.,Financial Services,UNKNOWN,IN,NIFTY 500,True,2026-01-20,
PFC.NS,Power Finance Corporation Ltd.,Financial Services,UNKNOWN,IN,NIFTY 500,True,2026-01-20,
POWERGRID.NS,Power Grid Corporation of India Ltd.,Power,UNKNOWN,IN,NIFTY 500,True,2026-01-20,
PRAJIND.NS,Praj Industries Ltd.,Capital Goods,UNKNOWN,IN,NIFTY 500,True,2026-01-20,
PREMIERENE.NS,Premier Energies Ltd.,Capital Goods,UNKNOWN,IN,NIFTY 500,True,2026-01-20,
PRESTIGE.NS,Prestige Estates Projects Ltd.,Realty,UNKNOWN,IN,NIFTY 500,True,2026-01-20,
PGHH.NS,Procter & Gamble Hygiene & Health Care Ltd.,Fast Moving Consumer Goods,UNKNOWN,IN,NIFTY 500,True,2026-01-20,
PNB.NS,Punjab National Bank,Financial Services,UNKNOWN,IN,NIFTY 500,True,2026-01-20,
RRKABEL.NS,R R Kabel Ltd.,Capital Goods,UNKNOWN,IN,NIFTY 500,True,2026-01-20,
RBLBANK.NS,RBL Bank Ltd.,Financial Services,UNKNOWN,IN,NIFTY 500,True,2026-01-20,
RECLTD.NS,REC Ltd.,Financial Services,UNKNOWN,IN,NIFTY 500,True,2026-01-20,
RHIM.NS,RHI MAGNESITA INDIA LTD.,Capital Goods,UNKNOWN,IN,NIFTY 500,True,2026-01-20,
RITES.NS,RITES Ltd.,Construction,UNKNOWN,IN,NIFTY 500,True,2026-01-20,
RADICO.NS,Radico Khaitan Ltd,Fast Moving Consumer Goods,UNKNOWN,IN,NIFTY 500,True,2026-01-20,
RVNL.NS,Rail Vikas Nigam Ltd.,Construction,UNKNOWN,IN,NIFTY 500,True,2026-01-20,
RAILTEL.NS,Railtel Corporation Of India Ltd.,Telecommunication,UNKNOWN,IN,NIFTY 500,True,2026-01-20,
RAINBOW.NS,Rainbow Childrens Medicare Ltd.,Healthcare,UNKNOWN,IN,NIFTY 500,True,2026-01-20,
RKFORGE.NS,Ramkrishna Forgings Ltd.,Automobile and Auto Components,UNKNOWN,IN,NIFTY 500,True,2026-01-20,
RCF.NS,Rashtriya Chemicals & Fertilizers Ltd.,Chemicals,UNKNOWN,IN,NIFTY 500,True,2026-01-20,
REDINGTON.NS,Redington Ltd.,Services,UNKNOWN,IN,NIFTY 500,True,2026-01-20,
RELIANCE.NS,Reliance Industries Ltd.,Oil Gas & Consumable Fuels,UNKNOWN,IN,NIFTY 500,True,2026-01-20,
RELINFRA.NS,Reliance Infrastructure Ltd.,Power,UNKNOWN,IN,NIFTY 500,True,2026-01-20,
RPOWER.NS,Reliance Power Ltd.,Power,UNKNOWN,IN,NIFTY 500,True,2026-01-20,
SBFC.NS,SBFC Finance Ltd.,Financial Services,UNKNOWN,IN,NIFTY 500,True,2026-01-20,
SBICARD.NS,SBI Cards and Payment Services Ltd.,Financial Services,UNKNOWN,IN,NIFTY 500,True,2026-01-20,
SBILIFE.NS,SBI Life Insurance Company Ltd.,Financial Services,UNKNOWN,IN,NIFTY 500,True,2026-01-20,
SJVN.NS,SJVN Ltd.,Power,UNKNOWN,IN,NIFTY 500,True,2026-01-20,
SRF.NS,SRF Ltd.,Chemicals,UNKNOWN,IN,NIFTY 500,True,2026-01-20,
SAGILITY.NS,Sagility Ltd.,Information Technology,UNKNOWN,IN,NIFTY 500,True,2026-01-20,
SAILIFE.NS,Sai Life Sciences Ltd.,Healthcare,UNKNOWN,IN,NIFTY 500,True,2026-01-20,
SAMMAANCAP.NS,Sammaan Capital Ltd.,Financial Services,UNKNOWN,IN,NIFTY 500,True,2026-01-20,
MOTHERSON.NS,Samvardhana Motherson International Ltd.,Automobile and Auto Components,UNKNOWN,IN,NIFTY 500,True,2026-01-20,
SAPPHIRE.NS,Sapphire Foods India Ltd.,Consumer Services,UNKNOWN,IN,NIFTY 500,True,2026-01-20,
SARDAEN.NS,Sarda Energy and Minerals Ltd.,Metals & Mining,UNKNOWN,IN,NIFTY 500,True,2026-01-20,
SAREGAMA.NS,Saregama India Ltd,Media Entertainment & Publication,UNKNOWN,IN,NIFTY 500,True,2026-01-20,
SCHAEFFLER.NS,Schaeffler India Ltd.,Automobile and Auto Components,UNKNOWN,IN,NIFTY 500,True,2026-01-20,
SCHNEIDER.NS,Schneider Electric Infrastructure Ltd.,Capital Goods,UNKNOWN,IN,NIFTY 500,True,2026-01-20,
SCI.NS,Shipping Corporation of India Ltd.,Services,UNKNOWN,IN,NIFTY 500,True,2026-01-20,
SHREECEM.NS,Shree Cement Ltd.,Construction Materials,UNKNOWN,IN,NIFTY 500,True,2026-01-20,
SHRIRAMFIN.NS,Shriram Finance Ltd.,Financial Services,UNKNOWN,IN,NIFTY 500,True,2026-01-20,
SHYAMMETL.NS,Shyam Metalics and Energy Ltd.,Capital Goods,UNKNOWN,IN,NIFTY 500,True,2026-01-20,
ENRIN.NS,Siemens Energy India Ltd.,Capital Goods,UNKNOWN,IN,NIFTY 500,True,2026-01-20,
SIEMENS.NS,Siemens Ltd.,Capital Goods,UNKNOWN,IN,NIFTY 500,True,2026-01-20,
SIGNATURE.NS,Signatureglobal (India) Ltd.,Realty,UNKNOWN,IN,NIFTY 500,True,2026-01-20,
SOBHA.NS,Sobha Ltd.,Realty,UNKNOWN,IN,NIFTY 500,True,2026-01-20,
SOLARINDS.NS,Solar Industries India Ltd.,Chemicals,UNKNOWN,IN,NIFTY 500,True,2026-01-20,
SONACOMS.NS,Sona BLW Precision Forgings Ltd.,Automobile and Auto Components,UNKNOWN,IN,NIFTY 500,True,2026-01-20,
SONATSOFTW.NS,Sonata Software Ltd.,Information Technology,UNKNOWN,IN,NIFTY 500,True,2026-01-20,
STARHEALTH.NS,Star Health and Allied Insurance Company Ltd.,Financial Services,UNKNOWN,IN,NIFTY 500,True,2026-01-20,
SBIN.NS,State Bank of India,Financial Services,UNKNOWN,IN,NIFTY 500,True,2026-01-20,
SAIL.NS,Steel Authority of India Ltd.,Metals & Mining,UNKNOWN,IN,NIFTY 500,True,2026-01-20,
SUMICHEM.NS,Sumitomo Chemical India Ltd.,Chemicals,UNKNOWN,IN,NIFTY 500,True,2026-01-20,
SUNPHARMA.NS,Sun Pharmaceutical Industries Ltd.,Healthcare,UNKNOWN,IN,NIFTY 500,True,2026-01-20,
SUNTV.NS,Sun TV Network Ltd.,Media Entertainment & Publication,UNKNOWN,IN,NIFTY 500,True,2026-01-20,
SUNDARMFIN.NS,Sundaram Finance Ltd.,Financial Services,UNKNOWN,IN,NIFTY 500,True,2026-01-20,
SUNDRMFAST.NS,Sundram Fasteners Ltd.,Automobile and Auto Components,UNKNOWN,IN,NIFTY 500,True,2026-01-20,
SUPREMEIND.NS,Supreme Industries Ltd.,Capital Goods,UNKNOWN,IN,NIFTY 500,True,2026-01-20,
SUZLON.NS,Suzlon Energy Ltd.,Capital Goods,UNKNOWN,IN,NIFTY 500,True,2026-01-20,
SWANCORP.NS,Swan Corp Ltd.,Chemicals,UNKNOWN,IN,NIFTY 500,True,2026-01-20,
SWIGGY.NS,Swiggy Ltd.,Consumer Services,UNKNOWN,IN,NIFTY 500,True,2026-01-20,
SYNGENE.NS,Syngene International Ltd.,Healthcare,UNKNOWN,IN,NIFTY 500,True,2026-01-20,
SYRMA.NS,Syrma SGS Technology Ltd.,Capital Goods,UNKNOWN,IN,NIFTY 500,True,2026-01-20,
TBOTEK.NS,TBO Tek Ltd.,Consumer Services,UNKNOWN,IN,NIFTY 500,True,2026-01-20,
TVSMOTOR.NS,TVS Motor Company Ltd.,Automobile and Auto Components,UNKNOWN,IN,NIFTY 500,True,2026-01-20,
TATACHEM.NS,Tata Chemicals Ltd.,Chemicals,UNKNOWN,IN,NIFTY 500,True,2026-01-20,
TATACOMM.NS,Tata Communications Ltd.,Telecommunication,UNKNOWN,IN,NIFTY 500,True,2026-01-20,
TCS.NS,Tata Consultancy Services Ltd.,Information Technology,UNKNOWN,IN,NIFTY 500,True,2026-01-20,
TATACONSUM.NS,Tata Consumer Products Ltd.,Fast Moving Consumer Goods,UNKNOWN,IN,NIFTY 500,True,2026-01-20,
TATAELXSI.NS,Tata Elxsi Ltd.,Information Technology,UNKNOWN,IN,NIFTY 500,True,2026-01-20,
TATAINVEST.NS,Tata Investment Corporation Ltd.,Financial Services,UNKNOWN,IN,NIFTY 500,True,2026-01-20,
TMPV.NS,Tata Motors Passenger Vehicles Ltd.,Automobile and Auto Components,UNKNOWN,IN,NIFTY 500,True,2026-01-20,
TATAPOWER.NS,Tata Power Co. Ltd.,Power,UNKNOWN,IN,NIFTY 500,True,2026-01-20,
TATASTEEL.NS,Tata Steel Ltd.,Metals & Mining,UNKNOWN,IN,NIFTY 500,True,2026-01-20,
TATATECH.NS,Tata Technologies Ltd.,Information Technology,UNKNOWN,IN,NIFTY 500,True,2026-01-20,
TTML.NS,Tata Teleservices (Maharashtra) Ltd.,Telecommunication,UNKNOWN,IN,NIFTY 500,True,2026-01-20,
TECHM.NS,Tech Mahindra Ltd.,Information Technology,UNKNOWN,IN,NIFTY 500,True,2026-01-20,
TECHNOE.NS,Techno Electric & Engineering Company Ltd.,Construction,UNKNOWN,IN,NIFTY 500,True,2026-01-20,
TEJASNET.NS,Tejas Networks Ltd.,Telecommunication,UNKNOWN,IN,NIFTY 500,True,2026-01-20,
NIACL.NS,The New India Assurance Company Ltd.,Financial Services,UNKNOWN,IN,NIFTY 500,True,2026-01-20,
RAMCOCEM.NS,The Ramco Cements Ltd.,Construction Materials,UNKNOWN,IN,NIFTY 500,True,2026-01-20,
THERMAX.NS,Thermax Ltd.,Capital Goods,UNKNOWN,IN,NIFTY 500,True,2026-01-20,
TIMKEN.NS,Timken India Ltd.,Capital Goods,UNKNOWN,IN,NIFTY 500,True,2026-01-20,
TITAGARH.NS,Titagarh Rail Systems Ltd.,Capital Goods,UNKNOWN,IN,NIFTY 500,True,2026-01-20,
TITAN.NS,Titan Company Ltd.,Consumer Durables,UNKNOWN,IN,NIFTY 500,True,2026-01-20,
TORNTPHARM.NS,Torrent Pharmaceuticals Ltd.,Healthcare,UNKNOWN,IN,NIFTY 500,True,2026-01-20,
TORNTPOWER.NS,Torrent Power Ltd.,Power,UNKNOWN,IN,NIFTY 500,True,2026-01-20,
TARIL.NS,Transformers And Rectifiers (India) Ltd.,Capital Goods,UNKNOWN,IN,NIFTY 500,True,2026-01-20,
TRENT.NS,Trent Ltd.,Consumer Services,UNKNOWN,IN,NIFTY 500,True,2026-01-20,
TRIDENT.NS,Trident Ltd.,Textiles,UNKNOWN,IN,NIFTY 500,True,2026-01-20,
TRIVENI.NS,Triveni Engineering & Industries Ltd.,Fast Moving Consumer Goods,UNKNOWN,IN,NIFTY 500,True,2026-01-20,
TRITURBINE.NS,Triveni Turbine Ltd.,Capital Goods,UNKNOWN,IN,NIFTY 500,True,2026-01-20,
TIINDIA.NS,Tube Investments of India Ltd.,Automobile and Auto Components,UNKNOWN,IN,NIFTY 500,True,2026-01-20,
UCOBANK.NS,UCO Bank,Financial Services,UNKNOWN,IN,NIFTY 500,True,2026-01-20,
UNOMINDA.NS,UNO Minda Ltd.,Automobile and Auto Components,UNKNOWN,IN,NIFTY 500,True,2026-01-20,
UPL.NS,UPL Ltd.,Chemicals,UNKNOWN,IN,NIFTY 500,True,2026-01-20,
UTIAMC.NS,UTI Asset Management Company Ltd.,Financial Services,UNKNOWN,IN,NIFTY 500,True,2026-01-20,
ULTRACEMCO.NS,UltraTech Cement Ltd.,Construction Materials,UNKNOWN,IN,NIFTY 500,True,2026-01-20,
UNIONBANK.NS,Union Bank of India,Financial Services,UNKNOWN,IN,NIFTY 500,True,2026-01-20,
UBL.NS,United Breweries Ltd.,Fast Moving Consumer Goods,UNKNOWN,IN,NIFTY 500,True,2026-01-20,
UNITDSPR.NS,United Spirits Ltd.,Fast Moving Consumer Goods,UNKNOWN,IN,NIFTY 500,True,2026-01-20,
USHAMART.NS,Usha Martin Ltd.,Capital Goods,UNKNOWN,IN,NIFTY 500,True,2026-01-20,
VGUARD.NS,V-Guard Industries Ltd.,Consumer Durables,UNKNOWN,IN,NIFTY 500,True,2026-01-20,
DBREALTY.NS,Valor Estate Ltd.,Consumer Services,UNKNOWN,IN,NIFTY 500,True,2026-01-20,
VTL.NS,Vardhman Textiles Ltd.,Textiles,UNKNOWN,IN,NIFTY 500,True,2026-01-20,
VBL.NS,Varun Beverages Ltd.,Fast Moving Consumer Goods,UNKNOWN,IN,NIFTY 500,True,2026-01-20,
MANYAVAR.NS,Vedant Fashions Ltd.,Consumer Services,UNKNOWN,IN,NIFTY 500,True,2026-01-20,
VEDL.NS,Vedanta Ltd.,Metals & Mining,UNKNOWN,IN,NIFTY 500,True,2026-01-20,
VENTIVE.NS,Ventive Hospitality Ltd.,Consumer Services,UNKNOWN,IN,NIFTY 500,True,2026-01-20,
VIJAYA.NS,Vijaya Diagnostic Centre Ltd.,Healthcare,UNKNOWN,IN,NIFTY 500,True,2026-01-20,
VMM.NS,Vishal Mega Mart Ltd.,Consumer Services,UNKNOWN,IN,NIFTY 500,True,2026-01-20,
IDEA.NS,Vodafone Idea Ltd.,Telecommunication,UNKNOWN,IN,NIFTY 500,True,2026-01-20,
VOLTAS.NS,Voltas Ltd.,Consumer Durables,UNKNOWN,IN,NIFTY 500,True,2026-01-20,
WAAREEENER.NS,Waaree Energies Ltd.,Capital Goods,UNKNOWN,IN,NIFTY 500,True,2026-01-20,
WELCORP.NS,Welspun Corp Ltd.,Capital Goods,UNKNOWN,IN,NIFTY 500,True,2026-01-20,
WELSPUNLIV.NS,Welspun Living Ltd.,Textiles,UNKNOWN,IN,NIFTY 500,True,2026-01-20,
WHIRLPOOL.NS,Whirlpool of India Ltd.,Consumer Durables,UNKNOWN,IN,NIFTY 500,True,2026-01-20,
WIPRO.NS,Wipro Ltd.,Information Technology,UNKNOWN,IN,NIFTY 500,True,2026-01-20,
WOCKPHARMA.NS,Wockhardt Ltd.,Healthcare,UNKNOWN,IN,NIFTY 500,True,2026-01-20,
YESBANK.NS,Yes Bank Ltd.,Financial Services,UNKNOWN,IN,NIFTY 500,True,2026-01-20,
ZFCVINDIA.NS,ZF Commercial Vehicle Control Systems India Ltd.,Automobile and Auto Components,UNKNOWN,IN,NIFTY 500,True,2026-01-20,
ZEEL.NS,Zee Entertainment Enterprises Ltd.,Media Entertainment & Publication,UNKNOWN,IN,NIFTY 500,True,2026-01-20,
ZENTEC.NS,Zen Technologies Ltd.,Capital Goods,UNKNOWN,IN,NIFTY 500,True,2026-01-20,
ZENSARTECH.NS,Zensar Technolgies Ltd.,Information Technology,UNKNOWN,IN,NIFTY 500,True,2026-01-20,
ZYDUSLIFE.NS,Zydus Lifesciences Ltd.,Healthcare,UNKNOWN,IN,NIFTY 500,True,2026-01-20,
ECLERX.NS,eClerx Services Ltd.,Services,UNKNOWN,IN,NIFTY 500,True,2026-01-20,
